ISO-10303-21;
HEADER;
FILE_DESCRIPTION(('FreeCAD Model'),'2;1');
FILE_NAME('Open CASCADE Shape Model','2026-09-26T15:16:34',(''),(''),
  'Open CASCADE STEP processor 7.8','FreeCAD','Unknown');
FILE_SCHEMA(('AUTOMOTIVE_DESIGN { 1 0 10303 214 1 1 1 1 }'));
ENDSEC;
DATA;
#1 = APPLICATION_PROTOCOL_DEFINITION('international standard',
  'automotive_design',2000,#2);
#2 = APPLICATION_CONTEXT(
  'core data for automotive mechanical design processes');
#3 = SHAPE_DEFINITION_REPRESENTATION(#4,#10);
#4 = PRODUCT_DEFINITION_SHAPE('','',#5);
#5 = PRODUCT_DEFINITION('design','',#6,#9);
#6 = PRODUCT_DEFINITION_FORMATION('','',#7);
#7 = PRODUCT('pcb','pcb','',(#8));
#8 = PRODUCT_CONTEXT('',#2,'mechanical');
#9 = PRODUCT_DEFINITION_CONTEXT('part definition',#2,'design');
#10 = ADVANCED_BREP_SHAPE_REPRESENTATION('',(#11,#15),#2371);
#11 = AXIS2_PLACEMENT_3D('',#12,#13,#14);
#12 = CARTESIAN_POINT('',(0.,0.,0.));
#13 = DIRECTION('',(0.,0.,1.));
#14 = DIRECTION('',(1.,0.,-0.));
#15 = MANIFOLD_SOLID_BREP('',#16);
#16 = CLOSED_SHELL('',(#17,#57,#90,#121,#152,#185,#216,#249,#280,#311,
    #342,#375,#406,#439,#470,#501,#534,#565,#598,#629,#662,#693,#726,
    #757,#790,#821,#854,#885,#918,#949,#982,#1013,#1046,#1077,#1110,
    #1141,#1174,#1205,#1238,#1269,#1302,#1333,#1366,#1397,#1430,#1461,
    #1494,#1525,#1558,#1589,#1622,#1653,#1686,#1717,#1750,#1781,#1814,
    #1845,#1878,#1909,#1942,#1973,#1997,#2030,#2063,#2096,#2129,#2162,
    #2195,#2283));
#17 = ADVANCED_FACE('',(#18),#52,.T.);
#18 = FACE_BOUND('',#19,.T.);
#19 = EDGE_LOOP('',(#20,#30,#38,#46));
#20 = ORIENTED_EDGE('',*,*,#21,.T.);
#21 = EDGE_CURVE('',#22,#24,#26,.T.);
#22 = VERTEX_POINT('',#23);
#23 = CARTESIAN_POINT('',(-28.40169974766,22.381929985398,0.));
#24 = VERTEX_POINT('',#25);
#25 = CARTESIAN_POINT('',(-28.40169974766,22.381929985398,1.6));
#26 = LINE('',#27,#28);
#27 = CARTESIAN_POINT('',(-28.40169974766,22.381929985398,0.));
#28 = VECTOR('',#29,1.);
#29 = DIRECTION('',(0.,0.,1.));
#30 = ORIENTED_EDGE('',*,*,#31,.T.);
#31 = EDGE_CURVE('',#24,#32,#34,.T.);
#32 = VERTEX_POINT('',#33);
#33 = CARTESIAN_POINT('',(-28.40169974766,4.831929985398,1.6));
#34 = LINE('',#35,#36);
#35 = CARTESIAN_POINT('',(-28.40169974766,22.381929985398,1.6));
#36 = VECTOR('',#37,1.);
#37 = DIRECTION('',(0.,-1.,0.));
#38 = ORIENTED_EDGE('',*,*,#39,.F.);
#39 = EDGE_CURVE('',#40,#32,#42,.T.);
#40 = VERTEX_POINT('',#41);
#41 = CARTESIAN_POINT('',(-28.40169974766,4.831929985398,0.));
#42 = LINE('',#43,#44);
#43 = CARTESIAN_POINT('',(-28.40169974766,4.831929985398,0.));
#44 = VECTOR('',#45,1.);
#45 = DIRECTION('',(0.,0.,1.));
#46 = ORIENTED_EDGE('',*,*,#47,.F.);
#47 = EDGE_CURVE('',#22,#40,#48,.T.);
#48 = LINE('',#49,#50);
#49 = CARTESIAN_POINT('',(-28.40169974766,22.381929985398,0.));
#50 = VECTOR('',#51,1.);
#51 = DIRECTION('',(0.,-1.,0.));
#52 = PLANE('',#53);
#53 = AXIS2_PLACEMENT_3D('',#54,#55,#56);
#54 = CARTESIAN_POINT('',(-28.40169974766,22.381929985398,0.));
#55 = DIRECTION('',(1.,0.,0.));
#56 = DIRECTION('',(0.,-1.,0.));
#57 = ADVANCED_FACE('',(#58),#85,.F.);
#58 = FACE_BOUND('',#59,.T.);
#59 = EDGE_LOOP('',(#60,#61,#70,#78));
#60 = ORIENTED_EDGE('',*,*,#39,.T.);
#61 = ORIENTED_EDGE('',*,*,#62,.T.);
#62 = EDGE_CURVE('',#32,#63,#65,.T.);
#63 = VERTEX_POINT('',#64);
#64 = CARTESIAN_POINT('',(-26.40169974766,2.831929985398,1.6));
#65 = CIRCLE('',#66,2.);
#66 = AXIS2_PLACEMENT_3D('',#67,#68,#69);
#67 = CARTESIAN_POINT('',(-26.40169974766,4.831929985398,1.6));
#68 = DIRECTION('',(0.,0.,1.));
#69 = DIRECTION('',(1.,0.,0.));
#70 = ORIENTED_EDGE('',*,*,#71,.F.);
#71 = EDGE_CURVE('',#72,#63,#74,.T.);
#72 = VERTEX_POINT('',#73);
#73 = CARTESIAN_POINT('',(-26.40169974766,2.831929985398,0.));
#74 = LINE('',#75,#76);
#75 = CARTESIAN_POINT('',(-26.40169974766,2.831929985398,0.));
#76 = VECTOR('',#77,1.);
#77 = DIRECTION('',(0.,0.,1.));
#78 = ORIENTED_EDGE('',*,*,#79,.F.);
#79 = EDGE_CURVE('',#40,#72,#80,.T.);
#80 = CIRCLE('',#81,2.);
#81 = AXIS2_PLACEMENT_3D('',#82,#83,#84);
#82 = CARTESIAN_POINT('',(-26.40169974766,4.831929985398,0.));
#83 = DIRECTION('',(0.,0.,1.));
#84 = DIRECTION('',(1.,0.,0.));
#85 = CYLINDRICAL_SURFACE('',#86,2.);
#86 = AXIS2_PLACEMENT_3D('',#87,#88,#89);
#87 = CARTESIAN_POINT('',(-26.40169974766,4.831929985398,0.));
#88 = DIRECTION('',(-0.,-0.,-1.));
#89 = DIRECTION('',(1.,0.,0.));
#90 = ADVANCED_FACE('',(#91),#116,.T.);
#91 = FACE_BOUND('',#92,.T.);
#92 = EDGE_LOOP('',(#93,#94,#102,#110));
#93 = ORIENTED_EDGE('',*,*,#71,.T.);
#94 = ORIENTED_EDGE('',*,*,#95,.T.);
#95 = EDGE_CURVE('',#63,#96,#98,.T.);
#96 = VERTEX_POINT('',#97);
#97 = CARTESIAN_POINT('',(-14.30169974766,2.831929985398,1.6));
#98 = LINE('',#99,#100);
#99 = CARTESIAN_POINT('',(-26.40169974766,2.831929985398,1.6));
#100 = VECTOR('',#101,1.);
#101 = DIRECTION('',(1.,0.,0.));
#102 = ORIENTED_EDGE('',*,*,#103,.F.);
#103 = EDGE_CURVE('',#104,#96,#106,.T.);
#104 = VERTEX_POINT('',#105);
#105 = CARTESIAN_POINT('',(-14.30169974766,2.831929985398,0.));
#106 = LINE('',#107,#108);
#107 = CARTESIAN_POINT('',(-14.30169974766,2.831929985398,0.));
#108 = VECTOR('',#109,1.);
#109 = DIRECTION('',(0.,0.,1.));
#110 = ORIENTED_EDGE('',*,*,#111,.F.);
#111 = EDGE_CURVE('',#72,#104,#112,.T.);
#112 = LINE('',#113,#114);
#113 = CARTESIAN_POINT('',(-26.40169974766,2.831929985398,0.));
#114 = VECTOR('',#115,1.);
#115 = DIRECTION('',(1.,0.,0.));
#116 = PLANE('',#117);
#117 = AXIS2_PLACEMENT_3D('',#118,#119,#120);
#118 = CARTESIAN_POINT('',(-26.40169974766,2.831929985398,0.));
#119 = DIRECTION('',(0.,1.,0.));
#120 = DIRECTION('',(1.,0.,0.));
#121 = ADVANCED_FACE('',(#122),#147,.T.);
#122 = FACE_BOUND('',#123,.T.);
#123 = EDGE_LOOP('',(#124,#125,#133,#141));
#124 = ORIENTED_EDGE('',*,*,#103,.T.);
#125 = ORIENTED_EDGE('',*,*,#126,.T.);
#126 = EDGE_CURVE('',#96,#127,#129,.T.);
#127 = VERTEX_POINT('',#128);
#128 = CARTESIAN_POINT('',(-14.30169974766,-0.418070014602,1.6));
#129 = LINE('',#130,#131);
#130 = CARTESIAN_POINT('',(-14.30169974766,2.831929985398,1.6));
#131 = VECTOR('',#132,1.);
#132 = DIRECTION('',(0.,-1.,0.));
#133 = ORIENTED_EDGE('',*,*,#134,.F.);
#134 = EDGE_CURVE('',#135,#127,#137,.T.);
#135 = VERTEX_POINT('',#136);
#136 = CARTESIAN_POINT('',(-14.30169974766,-0.418070014602,0.));
#137 = LINE('',#138,#139);
#138 = CARTESIAN_POINT('',(-14.30169974766,-0.418070014602,0.));
#139 = VECTOR('',#140,1.);
#140 = DIRECTION('',(0.,0.,1.));
#141 = ORIENTED_EDGE('',*,*,#142,.F.);
#142 = EDGE_CURVE('',#104,#135,#143,.T.);
#143 = LINE('',#144,#145);
#144 = CARTESIAN_POINT('',(-14.30169974766,2.831929985398,0.));
#145 = VECTOR('',#146,1.);
#146 = DIRECTION('',(0.,-1.,0.));
#147 = PLANE('',#148);
#148 = AXIS2_PLACEMENT_3D('',#149,#150,#151);
#149 = CARTESIAN_POINT('',(-14.30169974766,2.831929985398,0.));
#150 = DIRECTION('',(1.,0.,0.));
#151 = DIRECTION('',(0.,-1.,0.));
#152 = ADVANCED_FACE('',(#153),#180,.F.);
#153 = FACE_BOUND('',#154,.T.);
#154 = EDGE_LOOP('',(#155,#156,#165,#173));
#155 = ORIENTED_EDGE('',*,*,#134,.T.);
#156 = ORIENTED_EDGE('',*,*,#157,.T.);
#157 = EDGE_CURVE('',#127,#158,#160,.T.);
#158 = VERTEX_POINT('',#159);
#159 = CARTESIAN_POINT('',(-13.80169974766,-0.918070014602,1.6));
#160 = CIRCLE('',#161,0.5);
#161 = AXIS2_PLACEMENT_3D('',#162,#163,#164);
#162 = CARTESIAN_POINT('',(-13.80169974766,-0.418070014602,1.6));
#163 = DIRECTION('',(0.,0.,1.));
#164 = DIRECTION('',(1.,0.,0.));
#165 = ORIENTED_EDGE('',*,*,#166,.F.);
#166 = EDGE_CURVE('',#167,#158,#169,.T.);
#167 = VERTEX_POINT('',#168);
#168 = CARTESIAN_POINT('',(-13.80169974766,-0.918070014602,0.));
#169 = LINE('',#170,#171);
#170 = CARTESIAN_POINT('',(-13.80169974766,-0.918070014602,0.));
#171 = VECTOR('',#172,1.);
#172 = DIRECTION('',(0.,0.,1.));
#173 = ORIENTED_EDGE('',*,*,#174,.F.);
#174 = EDGE_CURVE('',#135,#167,#175,.T.);
#175 = CIRCLE('',#176,0.5);
#176 = AXIS2_PLACEMENT_3D('',#177,#178,#179);
#177 = CARTESIAN_POINT('',(-13.80169974766,-0.418070014602,0.));
#178 = DIRECTION('',(0.,0.,1.));
#179 = DIRECTION('',(1.,0.,0.));
#180 = CYLINDRICAL_SURFACE('',#181,0.5);
#181 = AXIS2_PLACEMENT_3D('',#182,#183,#184);
#182 = CARTESIAN_POINT('',(-13.80169974766,-0.418070014602,0.));
#183 = DIRECTION('',(-0.,-0.,-1.));
#184 = DIRECTION('',(1.,0.,0.));
#185 = ADVANCED_FACE('',(#186),#211,.T.);
#186 = FACE_BOUND('',#187,.T.);
#187 = EDGE_LOOP('',(#188,#189,#197,#205));
#188 = ORIENTED_EDGE('',*,*,#166,.T.);
#189 = ORIENTED_EDGE('',*,*,#190,.T.);
#190 = EDGE_CURVE('',#158,#191,#193,.T.);
#191 = VERTEX_POINT('',#192);
#192 = CARTESIAN_POINT('',(-13.60169974766,-0.918070014602,1.6));
#193 = LINE('',#194,#195);
#194 = CARTESIAN_POINT('',(-13.80169974766,-0.918070014602,1.6));
#195 = VECTOR('',#196,1.);
#196 = DIRECTION('',(1.,0.,0.));
#197 = ORIENTED_EDGE('',*,*,#198,.F.);
#198 = EDGE_CURVE('',#199,#191,#201,.T.);
#199 = VERTEX_POINT('',#200);
#200 = CARTESIAN_POINT('',(-13.60169974766,-0.918070014602,0.));
#201 = LINE('',#202,#203);
#202 = CARTESIAN_POINT('',(-13.60169974766,-0.918070014602,0.));
#203 = VECTOR('',#204,1.);
#204 = DIRECTION('',(0.,0.,1.));
#205 = ORIENTED_EDGE('',*,*,#206,.F.);
#206 = EDGE_CURVE('',#167,#199,#207,.T.);
#207 = LINE('',#208,#209);
#208 = CARTESIAN_POINT('',(-13.80169974766,-0.918070014602,0.));
#209 = VECTOR('',#210,1.);
#210 = DIRECTION('',(1.,0.,0.));
#211 = PLANE('',#212);
#212 = AXIS2_PLACEMENT_3D('',#213,#214,#215);
#213 = CARTESIAN_POINT('',(-13.80169974766,-0.918070014602,0.));
#214 = DIRECTION('',(0.,1.,0.));
#215 = DIRECTION('',(1.,0.,0.));
#216 = ADVANCED_FACE('',(#217),#244,.F.);
#217 = FACE_BOUND('',#218,.T.);
#218 = EDGE_LOOP('',(#219,#220,#229,#237));
#219 = ORIENTED_EDGE('',*,*,#198,.T.);
#220 = ORIENTED_EDGE('',*,*,#221,.T.);
#221 = EDGE_CURVE('',#191,#222,#224,.T.);
#222 = VERTEX_POINT('',#223);
#223 = CARTESIAN_POINT('',(-13.10169974766,-0.418070014602,1.6));
#224 = CIRCLE('',#225,0.5);
#225 = AXIS2_PLACEMENT_3D('',#226,#227,#228);
#226 = CARTESIAN_POINT('',(-13.60169974766,-0.418070014602,1.6));
#227 = DIRECTION('',(0.,0.,1.));
#228 = DIRECTION('',(1.,0.,0.));
#229 = ORIENTED_EDGE('',*,*,#230,.F.);
#230 = EDGE_CURVE('',#231,#222,#233,.T.);
#231 = VERTEX_POINT('',#232);
#232 = CARTESIAN_POINT('',(-13.10169974766,-0.418070014602,0.));
#233 = LINE('',#234,#235);
#234 = CARTESIAN_POINT('',(-13.10169974766,-0.418070014602,0.));
#235 = VECTOR('',#236,1.);
#236 = DIRECTION('',(0.,0.,1.));
#237 = ORIENTED_EDGE('',*,*,#238,.F.);
#238 = EDGE_CURVE('',#199,#231,#239,.T.);
#239 = CIRCLE('',#240,0.5);
#240 = AXIS2_PLACEMENT_3D('',#241,#242,#243);
#241 = CARTESIAN_POINT('',(-13.60169974766,-0.418070014602,0.));
#242 = DIRECTION('',(0.,0.,1.));
#243 = DIRECTION('',(1.,0.,0.));
#244 = CYLINDRICAL_SURFACE('',#245,0.5);
#245 = AXIS2_PLACEMENT_3D('',#246,#247,#248);
#246 = CARTESIAN_POINT('',(-13.60169974766,-0.418070014602,0.));
#247 = DIRECTION('',(-0.,-0.,-1.));
#248 = DIRECTION('',(1.,0.,0.));
#249 = ADVANCED_FACE('',(#250),#275,.T.);
#250 = FACE_BOUND('',#251,.T.);
#251 = EDGE_LOOP('',(#252,#253,#261,#269));
#252 = ORIENTED_EDGE('',*,*,#230,.T.);
#253 = ORIENTED_EDGE('',*,*,#254,.T.);
#254 = EDGE_CURVE('',#222,#255,#257,.T.);
#255 = VERTEX_POINT('',#256);
#256 = CARTESIAN_POINT('',(-13.10169974766,2.831929985398,1.6));
#257 = LINE('',#258,#259);
#258 = CARTESIAN_POINT('',(-13.10169974766,-0.418070014602,1.6));
#259 = VECTOR('',#260,1.);
#260 = DIRECTION('',(0.,1.,0.));
#261 = ORIENTED_EDGE('',*,*,#262,.F.);
#262 = EDGE_CURVE('',#263,#255,#265,.T.);
#263 = VERTEX_POINT('',#264);
#264 = CARTESIAN_POINT('',(-13.10169974766,2.831929985398,0.));
#265 = LINE('',#266,#267);
#266 = CARTESIAN_POINT('',(-13.10169974766,2.831929985398,0.));
#267 = VECTOR('',#268,1.);
#268 = DIRECTION('',(0.,0.,1.));
#269 = ORIENTED_EDGE('',*,*,#270,.F.);
#270 = EDGE_CURVE('',#231,#263,#271,.T.);
#271 = LINE('',#272,#273);
#272 = CARTESIAN_POINT('',(-13.10169974766,-0.418070014602,0.));
#273 = VECTOR('',#274,1.);
#274 = DIRECTION('',(0.,1.,0.));
#275 = PLANE('',#276);
#276 = AXIS2_PLACEMENT_3D('',#277,#278,#279);
#277 = CARTESIAN_POINT('',(-13.10169974766,-0.418070014602,0.));
#278 = DIRECTION('',(-1.,0.,0.));
#279 = DIRECTION('',(0.,1.,0.));
#280 = ADVANCED_FACE('',(#281),#306,.T.);
#281 = FACE_BOUND('',#282,.T.);
#282 = EDGE_LOOP('',(#283,#284,#292,#300));
#283 = ORIENTED_EDGE('',*,*,#262,.T.);
#284 = ORIENTED_EDGE('',*,*,#285,.T.);
#285 = EDGE_CURVE('',#255,#286,#288,.T.);
#286 = VERTEX_POINT('',#287);
#287 = CARTESIAN_POINT('',(7.648300252332,2.831929985398,1.6));
#288 = LINE('',#289,#290);
#289 = CARTESIAN_POINT('',(-13.10169974766,2.831929985398,1.6));
#290 = VECTOR('',#291,1.);
#291 = DIRECTION('',(1.,0.,0.));
#292 = ORIENTED_EDGE('',*,*,#293,.F.);
#293 = EDGE_CURVE('',#294,#286,#296,.T.);
#294 = VERTEX_POINT('',#295);
#295 = CARTESIAN_POINT('',(7.648300252332,2.831929985398,0.));
#296 = LINE('',#297,#298);
#297 = CARTESIAN_POINT('',(7.648300252332,2.831929985398,0.));
#298 = VECTOR('',#299,1.);
#299 = DIRECTION('',(0.,0.,1.));
#300 = ORIENTED_EDGE('',*,*,#301,.F.);
#301 = EDGE_CURVE('',#263,#294,#302,.T.);
#302 = LINE('',#303,#304);
#303 = CARTESIAN_POINT('',(-13.10169974766,2.831929985398,0.));
#304 = VECTOR('',#305,1.);
#305 = DIRECTION('',(1.,0.,0.));
#306 = PLANE('',#307);
#307 = AXIS2_PLACEMENT_3D('',#308,#309,#310);
#308 = CARTESIAN_POINT('',(-13.10169974766,2.831929985398,0.));
#309 = DIRECTION('',(0.,1.,0.));
#310 = DIRECTION('',(1.,0.,0.));
#311 = ADVANCED_FACE('',(#312),#337,.T.);
#312 = FACE_BOUND('',#313,.T.);
#313 = EDGE_LOOP('',(#314,#315,#323,#331));
#314 = ORIENTED_EDGE('',*,*,#293,.T.);
#315 = ORIENTED_EDGE('',*,*,#316,.T.);
#316 = EDGE_CURVE('',#286,#317,#319,.T.);
#317 = VERTEX_POINT('',#318);
#318 = CARTESIAN_POINT('',(7.648300252332,-0.418070014602,1.6));
#319 = LINE('',#320,#321);
#320 = CARTESIAN_POINT('',(7.648300252332,2.831929985398,1.6));
#321 = VECTOR('',#322,1.);
#322 = DIRECTION('',(0.,-1.,0.));
#323 = ORIENTED_EDGE('',*,*,#324,.F.);
#324 = EDGE_CURVE('',#325,#317,#327,.T.);
#325 = VERTEX_POINT('',#326);
#326 = CARTESIAN_POINT('',(7.648300252332,-0.418070014602,0.));
#327 = LINE('',#328,#329);
#328 = CARTESIAN_POINT('',(7.648300252332,-0.418070014602,0.));
#329 = VECTOR('',#330,1.);
#330 = DIRECTION('',(0.,0.,1.));
#331 = ORIENTED_EDGE('',*,*,#332,.F.);
#332 = EDGE_CURVE('',#294,#325,#333,.T.);
#333 = LINE('',#334,#335);
#334 = CARTESIAN_POINT('',(7.648300252332,2.831929985398,0.));
#335 = VECTOR('',#336,1.);
#336 = DIRECTION('',(0.,-1.,0.));
#337 = PLANE('',#338);
#338 = AXIS2_PLACEMENT_3D('',#339,#340,#341);
#339 = CARTESIAN_POINT('',(7.648300252332,2.831929985398,0.));
#340 = DIRECTION('',(1.,0.,0.));
#341 = DIRECTION('',(0.,-1.,0.));
#342 = ADVANCED_FACE('',(#343),#370,.F.);
#343 = FACE_BOUND('',#344,.T.);
#344 = EDGE_LOOP('',(#345,#346,#355,#363));
#345 = ORIENTED_EDGE('',*,*,#324,.T.);
#346 = ORIENTED_EDGE('',*,*,#347,.T.);
#347 = EDGE_CURVE('',#317,#348,#350,.T.);
#348 = VERTEX_POINT('',#349);
#349 = CARTESIAN_POINT('',(8.148300252332,-0.918070014602,1.6));
#350 = CIRCLE('',#351,0.5);
#351 = AXIS2_PLACEMENT_3D('',#352,#353,#354);
#352 = CARTESIAN_POINT('',(8.148300252332,-0.418070014602,1.6));
#353 = DIRECTION('',(0.,0.,1.));
#354 = DIRECTION('',(1.,0.,0.));
#355 = ORIENTED_EDGE('',*,*,#356,.F.);
#356 = EDGE_CURVE('',#357,#348,#359,.T.);
#357 = VERTEX_POINT('',#358);
#358 = CARTESIAN_POINT('',(8.148300252332,-0.918070014602,0.));
#359 = LINE('',#360,#361);
#360 = CARTESIAN_POINT('',(8.148300252332,-0.918070014602,0.));
#361 = VECTOR('',#362,1.);
#362 = DIRECTION('',(0.,0.,1.));
#363 = ORIENTED_EDGE('',*,*,#364,.F.);
#364 = EDGE_CURVE('',#325,#357,#365,.T.);
#365 = CIRCLE('',#366,0.5);
#366 = AXIS2_PLACEMENT_3D('',#367,#368,#369);
#367 = CARTESIAN_POINT('',(8.148300252332,-0.418070014602,0.));
#368 = DIRECTION('',(0.,0.,1.));
#369 = DIRECTION('',(1.,0.,0.));
#370 = CYLINDRICAL_SURFACE('',#371,0.5);
#371 = AXIS2_PLACEMENT_3D('',#372,#373,#374);
#372 = CARTESIAN_POINT('',(8.148300252332,-0.418070014602,0.));
#373 = DIRECTION('',(-0.,-0.,-1.));
#374 = DIRECTION('',(1.,0.,0.));
#375 = ADVANCED_FACE('',(#376),#401,.T.);
#376 = FACE_BOUND('',#377,.T.);
#377 = EDGE_LOOP('',(#378,#379,#387,#395));
#378 = ORIENTED_EDGE('',*,*,#356,.T.);
#379 = ORIENTED_EDGE('',*,*,#380,.T.);
#380 = EDGE_CURVE('',#348,#381,#383,.T.);
#381 = VERTEX_POINT('',#382);
#382 = CARTESIAN_POINT('',(8.348300252332,-0.918070014602,1.6));
#383 = LINE('',#384,#385);
#384 = CARTESIAN_POINT('',(8.148300252332,-0.918070014602,1.6));
#385 = VECTOR('',#386,1.);
#386 = DIRECTION('',(1.,0.,0.));
#387 = ORIENTED_EDGE('',*,*,#388,.F.);
#388 = EDGE_CURVE('',#389,#381,#391,.T.);
#389 = VERTEX_POINT('',#390);
#390 = CARTESIAN_POINT('',(8.348300252332,-0.918070014602,0.));
#391 = LINE('',#392,#393);
#392 = CARTESIAN_POINT('',(8.348300252332,-0.918070014602,0.));
#393 = VECTOR('',#394,1.);
#394 = DIRECTION('',(0.,0.,1.));
#395 = ORIENTED_EDGE('',*,*,#396,.F.);
#396 = EDGE_CURVE('',#357,#389,#397,.T.);
#397 = LINE('',#398,#399);
#398 = CARTESIAN_POINT('',(8.148300252332,-0.918070014602,0.));
#399 = VECTOR('',#400,1.);
#400 = DIRECTION('',(1.,0.,0.));
#401 = PLANE('',#402);
#402 = AXIS2_PLACEMENT_3D('',#403,#404,#405);
#403 = CARTESIAN_POINT('',(8.148300252332,-0.918070014602,0.));
#404 = DIRECTION('',(0.,1.,0.));
#405 = DIRECTION('',(1.,0.,0.));
#406 = ADVANCED_FACE('',(#407),#434,.F.);
#407 = FACE_BOUND('',#408,.T.);
#408 = EDGE_LOOP('',(#409,#410,#419,#427));
#409 = ORIENTED_EDGE('',*,*,#388,.T.);
#410 = ORIENTED_EDGE('',*,*,#411,.T.);
#411 = EDGE_CURVE('',#381,#412,#414,.T.);
#412 = VERTEX_POINT('',#413);
#413 = CARTESIAN_POINT('',(8.848300252332,-0.418070014602,1.6));
#414 = CIRCLE('',#415,0.5);
#415 = AXIS2_PLACEMENT_3D('',#416,#417,#418);
#416 = CARTESIAN_POINT('',(8.348300252332,-0.418070014602,1.6));
#417 = DIRECTION('',(0.,0.,1.));
#418 = DIRECTION('',(1.,0.,0.));
#419 = ORIENTED_EDGE('',*,*,#420,.F.);
#420 = EDGE_CURVE('',#421,#412,#423,.T.);
#421 = VERTEX_POINT('',#422);
#422 = CARTESIAN_POINT('',(8.848300252332,-0.418070014602,0.));
#423 = LINE('',#424,#425);
#424 = CARTESIAN_POINT('',(8.848300252332,-0.418070014602,0.));
#425 = VECTOR('',#426,1.);
#426 = DIRECTION('',(0.,0.,1.));
#427 = ORIENTED_EDGE('',*,*,#428,.F.);
#428 = EDGE_CURVE('',#389,#421,#429,.T.);
#429 = CIRCLE('',#430,0.5);
#430 = AXIS2_PLACEMENT_3D('',#431,#432,#433);
#431 = CARTESIAN_POINT('',(8.348300252332,-0.418070014602,0.));
#432 = DIRECTION('',(0.,0.,1.));
#433 = DIRECTION('',(1.,0.,0.));
#434 = CYLINDRICAL_SURFACE('',#435,0.5);
#435 = AXIS2_PLACEMENT_3D('',#436,#437,#438);
#436 = CARTESIAN_POINT('',(8.348300252332,-0.418070014602,0.));
#437 = DIRECTION('',(-0.,-0.,-1.));
#438 = DIRECTION('',(1.,0.,0.));
#439 = ADVANCED_FACE('',(#440),#465,.T.);
#440 = FACE_BOUND('',#441,.T.);
#441 = EDGE_LOOP('',(#442,#443,#451,#459));
#442 = ORIENTED_EDGE('',*,*,#420,.T.);
#443 = ORIENTED_EDGE('',*,*,#444,.T.);
#444 = EDGE_CURVE('',#412,#445,#447,.T.);
#445 = VERTEX_POINT('',#446);
#446 = CARTESIAN_POINT('',(8.848300252332,2.831929985398,1.6));
#447 = LINE('',#448,#449);
#448 = CARTESIAN_POINT('',(8.848300252332,-0.418070014602,1.6));
#449 = VECTOR('',#450,1.);
#450 = DIRECTION('',(0.,1.,0.));
#451 = ORIENTED_EDGE('',*,*,#452,.F.);
#452 = EDGE_CURVE('',#453,#445,#455,.T.);
#453 = VERTEX_POINT('',#454);
#454 = CARTESIAN_POINT('',(8.848300252332,2.831929985398,0.));
#455 = LINE('',#456,#457);
#456 = CARTESIAN_POINT('',(8.848300252332,2.831929985398,0.));
#457 = VECTOR('',#458,1.);
#458 = DIRECTION('',(0.,0.,1.));
#459 = ORIENTED_EDGE('',*,*,#460,.F.);
#460 = EDGE_CURVE('',#421,#453,#461,.T.);
#461 = LINE('',#462,#463);
#462 = CARTESIAN_POINT('',(8.848300252332,-0.418070014602,0.));
#463 = VECTOR('',#464,1.);
#464 = DIRECTION('',(0.,1.,0.));
#465 = PLANE('',#466);
#466 = AXIS2_PLACEMENT_3D('',#467,#468,#469);
#467 = CARTESIAN_POINT('',(8.848300252332,-0.418070014602,0.));
#468 = DIRECTION('',(-1.,0.,0.));
#469 = DIRECTION('',(0.,1.,0.));
#470 = ADVANCED_FACE('',(#471),#496,.T.);
#471 = FACE_BOUND('',#472,.T.);
#472 = EDGE_LOOP('',(#473,#474,#482,#490));
#473 = ORIENTED_EDGE('',*,*,#452,.T.);
#474 = ORIENTED_EDGE('',*,*,#475,.T.);
#475 = EDGE_CURVE('',#445,#476,#478,.T.);
#476 = VERTEX_POINT('',#477);
#477 = CARTESIAN_POINT('',(29.348300252332,2.831929985398,1.6));
#478 = LINE('',#479,#480);
#479 = CARTESIAN_POINT('',(8.848300252332,2.831929985398,1.6));
#480 = VECTOR('',#481,1.);
#481 = DIRECTION('',(1.,0.,0.));
#482 = ORIENTED_EDGE('',*,*,#483,.F.);
#483 = EDGE_CURVE('',#484,#476,#486,.T.);
#484 = VERTEX_POINT('',#485);
#485 = CARTESIAN_POINT('',(29.348300252332,2.831929985398,0.));
#486 = LINE('',#487,#488);
#487 = CARTESIAN_POINT('',(29.348300252332,2.831929985398,0.));
#488 = VECTOR('',#489,1.);
#489 = DIRECTION('',(0.,0.,1.));
#490 = ORIENTED_EDGE('',*,*,#491,.F.);
#491 = EDGE_CURVE('',#453,#484,#492,.T.);
#492 = LINE('',#493,#494);
#493 = CARTESIAN_POINT('',(8.848300252332,2.831929985398,0.));
#494 = VECTOR('',#495,1.);
#495 = DIRECTION('',(1.,0.,0.));
#496 = PLANE('',#497);
#497 = AXIS2_PLACEMENT_3D('',#498,#499,#500);
#498 = CARTESIAN_POINT('',(8.848300252332,2.831929985398,0.));
#499 = DIRECTION('',(0.,1.,0.));
#500 = DIRECTION('',(1.,0.,0.));
#501 = ADVANCED_FACE('',(#502),#529,.F.);
#502 = FACE_BOUND('',#503,.T.);
#503 = EDGE_LOOP('',(#504,#505,#514,#522));
#504 = ORIENTED_EDGE('',*,*,#483,.T.);
#505 = ORIENTED_EDGE('',*,*,#506,.T.);
#506 = EDGE_CURVE('',#476,#507,#509,.T.);
#507 = VERTEX_POINT('',#508);
#508 = CARTESIAN_POINT('',(31.348300252332,4.831929985398,1.6));
#509 = CIRCLE('',#510,2.);
#510 = AXIS2_PLACEMENT_3D('',#511,#512,#513);
#511 = CARTESIAN_POINT('',(29.348300252332,4.831929985398,1.6));
#512 = DIRECTION('',(0.,0.,1.));
#513 = DIRECTION('',(1.,0.,0.));
#514 = ORIENTED_EDGE('',*,*,#515,.F.);
#515 = EDGE_CURVE('',#516,#507,#518,.T.);
#516 = VERTEX_POINT('',#517);
#517 = CARTESIAN_POINT('',(31.348300252332,4.831929985398,0.));
#518 = LINE('',#519,#520);
#519 = CARTESIAN_POINT('',(31.348300252332,4.831929985398,0.));
#520 = VECTOR('',#521,1.);
#521 = DIRECTION('',(0.,0.,1.));
#522 = ORIENTED_EDGE('',*,*,#523,.F.);
#523 = EDGE_CURVE('',#484,#516,#524,.T.);
#524 = CIRCLE('',#525,2.);
#525 = AXIS2_PLACEMENT_3D('',#526,#527,#528);
#526 = CARTESIAN_POINT('',(29.348300252332,4.831929985398,0.));
#527 = DIRECTION('',(0.,0.,1.));
#528 = DIRECTION('',(1.,0.,0.));
#529 = CYLINDRICAL_SURFACE('',#530,2.);
#530 = AXIS2_PLACEMENT_3D('',#531,#532,#533);
#531 = CARTESIAN_POINT('',(29.348300252332,4.831929985398,0.));
#532 = DIRECTION('',(-0.,-0.,-1.));
#533 = DIRECTION('',(1.,0.,0.));
#534 = ADVANCED_FACE('',(#535),#560,.T.);
#535 = FACE_BOUND('',#536,.T.);
#536 = EDGE_LOOP('',(#537,#538,#546,#554));
#537 = ORIENTED_EDGE('',*,*,#515,.T.);
#538 = ORIENTED_EDGE('',*,*,#539,.T.);
#539 = EDGE_CURVE('',#507,#540,#542,.T.);
#540 = VERTEX_POINT('',#541);
#541 = CARTESIAN_POINT('',(31.348300252332,22.281929985398,1.6));
#542 = LINE('',#543,#544);
#543 = CARTESIAN_POINT('',(31.348300252332,4.831929985398,1.6));
#544 = VECTOR('',#545,1.);
#545 = DIRECTION('',(0.,1.,0.));
#546 = ORIENTED_EDGE('',*,*,#547,.F.);
#547 = EDGE_CURVE('',#548,#540,#550,.T.);
#548 = VERTEX_POINT('',#549);
#549 = CARTESIAN_POINT('',(31.348300252332,22.281929985398,0.));
#550 = LINE('',#551,#552);
#551 = CARTESIAN_POINT('',(31.348300252332,22.281929985398,0.));
#552 = VECTOR('',#553,1.);
#553 = DIRECTION('',(0.,0.,1.));
#554 = ORIENTED_EDGE('',*,*,#555,.F.);
#555 = EDGE_CURVE('',#516,#548,#556,.T.);
#556 = LINE('',#557,#558);
#557 = CARTESIAN_POINT('',(31.348300252332,4.831929985398,0.));
#558 = VECTOR('',#559,1.);
#559 = DIRECTION('',(0.,1.,0.));
#560 = PLANE('',#561);
#561 = AXIS2_PLACEMENT_3D('',#562,#563,#564);
#562 = CARTESIAN_POINT('',(31.348300252332,4.831929985398,0.));
#563 = DIRECTION('',(-1.,0.,0.));
#564 = DIRECTION('',(0.,1.,0.));
#565 = ADVANCED_FACE('',(#566),#593,.T.);
#566 = FACE_BOUND('',#567,.F.);
#567 = EDGE_LOOP('',(#568,#578,#585,#586));
#568 = ORIENTED_EDGE('',*,*,#569,.T.);
#569 = EDGE_CURVE('',#570,#572,#574,.T.);
#570 = VERTEX_POINT('',#571);
#571 = CARTESIAN_POINT('',(33.348300252332,24.281929985398,0.));
#572 = VERTEX_POINT('',#573);
#573 = CARTESIAN_POINT('',(33.348300252332,24.281929985398,1.6));
#574 = LINE('',#575,#576);
#575 = CARTESIAN_POINT('',(33.348300252332,24.281929985398,0.));
#576 = VECTOR('',#577,1.);
#577 = DIRECTION('',(0.,0.,1.));
#578 = ORIENTED_EDGE('',*,*,#579,.T.);
#579 = EDGE_CURVE('',#572,#540,#580,.T.);
#580 = CIRCLE('',#581,2.);
#581 = AXIS2_PLACEMENT_3D('',#582,#583,#584);
#582 = CARTESIAN_POINT('',(33.348300252332,22.281929985398,1.6));
#583 = DIRECTION('',(0.,0.,1.));
#584 = DIRECTION('',(1.,0.,0.));
#585 = ORIENTED_EDGE('',*,*,#547,.F.);
#586 = ORIENTED_EDGE('',*,*,#587,.F.);
#587 = EDGE_CURVE('',#570,#548,#588,.T.);
#588 = CIRCLE('',#589,2.);
#589 = AXIS2_PLACEMENT_3D('',#590,#591,#592);
#590 = CARTESIAN_POINT('',(33.348300252332,22.281929985398,0.));
#591 = DIRECTION('',(0.,0.,1.));
#592 = DIRECTION('',(1.,0.,0.));
#593 = CYLINDRICAL_SURFACE('',#594,2.);
#594 = AXIS2_PLACEMENT_3D('',#595,#596,#597);
#595 = CARTESIAN_POINT('',(33.348300252332,22.281929985398,0.));
#596 = DIRECTION('',(-0.,-0.,-1.));
#597 = DIRECTION('',(1.,0.,0.));
#598 = ADVANCED_FACE('',(#599),#624,.T.);
#599 = FACE_BOUND('',#600,.T.);
#600 = EDGE_LOOP('',(#601,#602,#610,#618));
#601 = ORIENTED_EDGE('',*,*,#569,.T.);
#602 = ORIENTED_EDGE('',*,*,#603,.T.);
#603 = EDGE_CURVE('',#572,#604,#606,.T.);
#604 = VERTEX_POINT('',#605);
#605 = CARTESIAN_POINT('',(43.527239960887,24.281929985398,1.6));
#606 = LINE('',#607,#608);
#607 = CARTESIAN_POINT('',(33.348300252332,24.281929985398,1.6));
#608 = VECTOR('',#609,1.);
#609 = DIRECTION('',(1.,0.,0.));
#610 = ORIENTED_EDGE('',*,*,#611,.F.);
#611 = EDGE_CURVE('',#612,#604,#614,.T.);
#612 = VERTEX_POINT('',#613);
#613 = CARTESIAN_POINT('',(43.527239960887,24.281929985398,0.));
#614 = LINE('',#615,#616);
#615 = CARTESIAN_POINT('',(43.527239960887,24.281929985398,0.));
#616 = VECTOR('',#617,1.);
#617 = DIRECTION('',(0.,0.,1.));
#618 = ORIENTED_EDGE('',*,*,#619,.F.);
#619 = EDGE_CURVE('',#570,#612,#620,.T.);
#620 = LINE('',#621,#622);
#621 = CARTESIAN_POINT('',(33.348300252332,24.281929985398,0.));
#622 = VECTOR('',#623,1.);
#623 = DIRECTION('',(1.,0.,0.));
#624 = PLANE('',#625);
#625 = AXIS2_PLACEMENT_3D('',#626,#627,#628);
#626 = CARTESIAN_POINT('',(33.348300252332,24.281929985398,0.));
#627 = DIRECTION('',(0.,1.,0.));
#628 = DIRECTION('',(1.,0.,0.));
#629 = ADVANCED_FACE('',(#630),#657,.T.);
#630 = FACE_BOUND('',#631,.F.);
#631 = EDGE_LOOP('',(#632,#642,#649,#650));
#632 = ORIENTED_EDGE('',*,*,#633,.T.);
#633 = EDGE_CURVE('',#634,#636,#638,.T.);
#634 = VERTEX_POINT('',#635);
#635 = CARTESIAN_POINT('',(44.81281518026,23.814018871636,0.));
#636 = VERTEX_POINT('',#637);
#637 = CARTESIAN_POINT('',(44.81281518026,23.814018871636,1.6));
#638 = LINE('',#639,#640);
#639 = CARTESIAN_POINT('',(44.81281518026,23.814018871636,0.));
#640 = VECTOR('',#641,1.);
#641 = DIRECTION('',(0.,0.,1.));
#642 = ORIENTED_EDGE('',*,*,#643,.T.);
#643 = EDGE_CURVE('',#636,#604,#644,.T.);
#644 = CIRCLE('',#645,2.);
#645 = AXIS2_PLACEMENT_3D('',#646,#647,#648);
#646 = CARTESIAN_POINT('',(43.527239960887,22.281929985398,1.6));
#647 = DIRECTION('',(0.,0.,1.));
#648 = DIRECTION('',(1.,0.,0.));
#649 = ORIENTED_EDGE('',*,*,#611,.F.);
#650 = ORIENTED_EDGE('',*,*,#651,.F.);
#651 = EDGE_CURVE('',#634,#612,#652,.T.);
#652 = CIRCLE('',#653,2.);
#653 = AXIS2_PLACEMENT_3D('',#654,#655,#656);
#654 = CARTESIAN_POINT('',(43.527239960887,22.281929985398,0.));
#655 = DIRECTION('',(0.,0.,1.));
#656 = DIRECTION('',(1.,0.,0.));
#657 = CYLINDRICAL_SURFACE('',#658,2.);
#658 = AXIS2_PLACEMENT_3D('',#659,#660,#661);
#659 = CARTESIAN_POINT('',(43.527239960887,22.281929985398,0.));
#660 = DIRECTION('',(-0.,-0.,-1.));
#661 = DIRECTION('',(1.,0.,0.));
#662 = ADVANCED_FACE('',(#663),#688,.T.);
#663 = FACE_BOUND('',#664,.T.);
#664 = EDGE_LOOP('',(#665,#666,#674,#682));
#665 = ORIENTED_EDGE('',*,*,#633,.T.);
#666 = ORIENTED_EDGE('',*,*,#667,.T.);
#667 = EDGE_CURVE('',#636,#668,#670,.T.);
#668 = VERTEX_POINT('',#669);
#669 = CARTESIAN_POINT('',(45.650875253715,23.110802973096,1.6));
#670 = LINE('',#671,#672);
#671 = CARTESIAN_POINT('',(44.81281518026,23.814018871636,1.6));
#672 = VECTOR('',#673,1.);
#673 = DIRECTION('',(0.766044443119,-0.642787609687,0.));
#674 = ORIENTED_EDGE('',*,*,#675,.F.);
#675 = EDGE_CURVE('',#676,#668,#678,.T.);
#676 = VERTEX_POINT('',#677);
#677 = CARTESIAN_POINT('',(45.650875253715,23.110802973096,0.));
#678 = LINE('',#679,#680);
#679 = CARTESIAN_POINT('',(45.650875253715,23.110802973096,0.));
#680 = VECTOR('',#681,1.);
#681 = DIRECTION('',(0.,0.,1.));
#682 = ORIENTED_EDGE('',*,*,#683,.F.);
#683 = EDGE_CURVE('',#634,#676,#684,.T.);
#684 = LINE('',#685,#686);
#685 = CARTESIAN_POINT('',(44.81281518026,23.814018871636,0.));
#686 = VECTOR('',#687,1.);
#687 = DIRECTION('',(0.766044443119,-0.642787609687,0.));
#688 = PLANE('',#689);
#689 = AXIS2_PLACEMENT_3D('',#690,#691,#692);
#690 = CARTESIAN_POINT('',(44.81281518026,23.814018871636,0.));
#691 = DIRECTION('',(0.642787609687,0.766044443119,0.));
#692 = DIRECTION('',(0.766044443119,-0.642787609687,0.));
#693 = ADVANCED_FACE('',(#694),#721,.F.);
#694 = FACE_BOUND('',#695,.T.);
#695 = EDGE_LOOP('',(#696,#697,#706,#714));
#696 = ORIENTED_EDGE('',*,*,#675,.T.);
#697 = ORIENTED_EDGE('',*,*,#698,.T.);
#698 = EDGE_CURVE('',#668,#699,#701,.T.);
#699 = VERTEX_POINT('',#700);
#700 = CARTESIAN_POINT('',(46.936450473088,22.642891859334,1.6));
#701 = CIRCLE('',#702,2.);
#702 = AXIS2_PLACEMENT_3D('',#703,#704,#705);
#703 = CARTESIAN_POINT('',(46.936450473088,24.642891859334,1.6));
#704 = DIRECTION('',(0.,0.,1.));
#705 = DIRECTION('',(1.,0.,0.));
#706 = ORIENTED_EDGE('',*,*,#707,.F.);
#707 = EDGE_CURVE('',#708,#699,#710,.T.);
#708 = VERTEX_POINT('',#709);
#709 = CARTESIAN_POINT('',(46.936450473088,22.642891859334,0.));
#710 = LINE('',#711,#712);
#711 = CARTESIAN_POINT('',(46.936450473088,22.642891859334,0.));
#712 = VECTOR('',#713,1.);
#713 = DIRECTION('',(0.,0.,1.));
#714 = ORIENTED_EDGE('',*,*,#715,.F.);
#715 = EDGE_CURVE('',#676,#708,#716,.T.);
#716 = CIRCLE('',#717,2.);
#717 = AXIS2_PLACEMENT_3D('',#718,#719,#720);
#718 = CARTESIAN_POINT('',(46.936450473088,24.642891859334,0.));
#719 = DIRECTION('',(0.,0.,1.));
#720 = DIRECTION('',(1.,0.,0.));
#721 = CYLINDRICAL_SURFACE('',#722,2.);
#722 = AXIS2_PLACEMENT_3D('',#723,#724,#725);
#723 = CARTESIAN_POINT('',(46.936450473088,24.642891859334,0.));
#724 = DIRECTION('',(-0.,-0.,-1.));
#725 = DIRECTION('',(1.,0.,0.));
#726 = ADVANCED_FACE('',(#727),#752,.T.);
#727 = FACE_BOUND('',#728,.T.);
#728 = EDGE_LOOP('',(#729,#730,#738,#746));
#729 = ORIENTED_EDGE('',*,*,#707,.T.);
#730 = ORIENTED_EDGE('',*,*,#731,.T.);
#731 = EDGE_CURVE('',#699,#732,#734,.T.);
#732 = VERTEX_POINT('',#733);
#733 = CARTESIAN_POINT('',(51.147901411463,22.642891859334,1.6));
#734 = LINE('',#735,#736);
#735 = CARTESIAN_POINT('',(46.936450473088,22.642891859334,1.6));
#736 = VECTOR('',#737,1.);
#737 = DIRECTION('',(1.,0.,0.));
#738 = ORIENTED_EDGE('',*,*,#739,.F.);
#739 = EDGE_CURVE('',#740,#732,#742,.T.);
#740 = VERTEX_POINT('',#741);
#741 = CARTESIAN_POINT('',(51.147901411463,22.642891859334,0.));
#742 = LINE('',#743,#744);
#743 = CARTESIAN_POINT('',(51.147901411463,22.642891859334,0.));
#744 = VECTOR('',#745,1.);
#745 = DIRECTION('',(0.,0.,1.));
#746 = ORIENTED_EDGE('',*,*,#747,.F.);
#747 = EDGE_CURVE('',#708,#740,#748,.T.);
#748 = LINE('',#749,#750);
#749 = CARTESIAN_POINT('',(46.936450473088,22.642891859334,0.));
#750 = VECTOR('',#751,1.);
#751 = DIRECTION('',(1.,0.,0.));
#752 = PLANE('',#753);
#753 = AXIS2_PLACEMENT_3D('',#754,#755,#756);
#754 = CARTESIAN_POINT('',(46.936450473088,22.642891859334,0.));
#755 = DIRECTION('',(0.,1.,0.));
#756 = DIRECTION('',(1.,0.,0.));
#757 = ADVANCED_FACE('',(#758),#785,.F.);
#758 = FACE_BOUND('',#759,.T.);
#759 = EDGE_LOOP('',(#760,#761,#770,#778));
#760 = ORIENTED_EDGE('',*,*,#739,.T.);
#761 = ORIENTED_EDGE('',*,*,#762,.T.);
#762 = EDGE_CURVE('',#732,#763,#765,.T.);
#763 = VERTEX_POINT('',#764);
#764 = CARTESIAN_POINT('',(52.960516985536,23.797655335852,1.6));
#765 = CIRCLE('',#766,2.);
#766 = AXIS2_PLACEMENT_3D('',#767,#768,#769);
#767 = CARTESIAN_POINT('',(51.147901411463,24.642891859334,1.6));
#768 = DIRECTION('',(0.,0.,1.));
#769 = DIRECTION('',(1.,0.,0.));
#770 = ORIENTED_EDGE('',*,*,#771,.F.);
#771 = EDGE_CURVE('',#772,#763,#774,.T.);
#772 = VERTEX_POINT('',#773);
#773 = CARTESIAN_POINT('',(52.960516985536,23.797655335852,0.));
#774 = LINE('',#775,#776);
#775 = CARTESIAN_POINT('',(52.960516985536,23.797655335852,0.));
#776 = VECTOR('',#777,1.);
#777 = DIRECTION('',(0.,0.,1.));
#778 = ORIENTED_EDGE('',*,*,#779,.F.);
#779 = EDGE_CURVE('',#740,#772,#780,.T.);
#780 = CIRCLE('',#781,2.);
#781 = AXIS2_PLACEMENT_3D('',#782,#783,#784);
#782 = CARTESIAN_POINT('',(51.147901411463,24.642891859334,0.));
#783 = DIRECTION('',(0.,0.,1.));
#784 = DIRECTION('',(1.,0.,0.));
#785 = CYLINDRICAL_SURFACE('',#786,2.);
#786 = AXIS2_PLACEMENT_3D('',#787,#788,#789);
#787 = CARTESIAN_POINT('',(51.147901411463,24.642891859334,0.));
#788 = DIRECTION('',(-0.,-0.,-1.));
#789 = DIRECTION('',(1.,0.,0.));
#790 = ADVANCED_FACE('',(#791),#816,.T.);
#791 = FACE_BOUND('',#792,.T.);
#792 = EDGE_LOOP('',(#793,#794,#802,#810));
#793 = ORIENTED_EDGE('',*,*,#771,.T.);
#794 = ORIENTED_EDGE('',*,*,#795,.T.);
#795 = EDGE_CURVE('',#763,#796,#798,.T.);
#796 = VERTEX_POINT('',#797);
#797 = CARTESIAN_POINT('',(53.81360742363,25.627113684166,1.6));
#798 = LINE('',#799,#800);
#799 = CARTESIAN_POINT('',(52.960516985536,23.797655335852,1.6));
#800 = VECTOR('',#801,1.);
#801 = DIRECTION('',(0.422618261741,0.906307787037,0.));
#802 = ORIENTED_EDGE('',*,*,#803,.F.);
#803 = EDGE_CURVE('',#804,#796,#806,.T.);
#804 = VERTEX_POINT('',#805);
#805 = CARTESIAN_POINT('',(53.81360742363,25.627113684166,0.));
#806 = LINE('',#807,#808);
#807 = CARTESIAN_POINT('',(53.81360742363,25.627113684166,0.));
#808 = VECTOR('',#809,1.);
#809 = DIRECTION('',(0.,0.,1.));
#810 = ORIENTED_EDGE('',*,*,#811,.F.);
#811 = EDGE_CURVE('',#772,#804,#812,.T.);
#812 = LINE('',#813,#814);
#813 = CARTESIAN_POINT('',(52.960516985536,23.797655335852,0.));
#814 = VECTOR('',#815,1.);
#815 = DIRECTION('',(0.422618261741,0.906307787037,0.));
#816 = PLANE('',#817);
#817 = AXIS2_PLACEMENT_3D('',#818,#819,#820);
#818 = CARTESIAN_POINT('',(52.960516985536,23.797655335852,0.));
#819 = DIRECTION('',(-0.906307787037,0.422618261741,0.));
#820 = DIRECTION('',(0.422618261741,0.906307787037,0.));
#821 = ADVANCED_FACE('',(#822),#849,.T.);
#822 = FACE_BOUND('',#823,.F.);
#823 = EDGE_LOOP('',(#824,#834,#841,#842));
#824 = ORIENTED_EDGE('',*,*,#825,.T.);
#825 = EDGE_CURVE('',#826,#828,#830,.T.);
#826 = VERTEX_POINT('',#827);
#827 = CARTESIAN_POINT('',(58.798300252332,23.302713244592,0.));
#828 = VERTEX_POINT('',#829);
#829 = CARTESIAN_POINT('',(58.798300252332,23.302713244592,1.6));
#830 = LINE('',#831,#832);
#831 = CARTESIAN_POINT('',(58.798300252332,23.302713244592,0.));
#832 = VECTOR('',#833,1.);
#833 = DIRECTION('',(0.,0.,1.));
#834 = ORIENTED_EDGE('',*,*,#835,.T.);
#835 = EDGE_CURVE('',#828,#796,#836,.T.);
#836 = CIRCLE('',#837,2.977715773796);
#837 = AXIS2_PLACEMENT_3D('',#838,#839,#840);
#838 = CARTESIAN_POINT('',(55.823300241828,23.429859487221,1.6));
#839 = DIRECTION('',(0.,0.,1.));
#840 = DIRECTION('',(1.,0.,0.));
#841 = ORIENTED_EDGE('',*,*,#803,.F.);
#842 = ORIENTED_EDGE('',*,*,#843,.F.);
#843 = EDGE_CURVE('',#826,#804,#844,.T.);
#844 = CIRCLE('',#845,2.977715773796);
#845 = AXIS2_PLACEMENT_3D('',#846,#847,#848);
#846 = CARTESIAN_POINT('',(55.823300241828,23.429859487221,0.));
#847 = DIRECTION('',(0.,0.,1.));
#848 = DIRECTION('',(1.,0.,0.));
#849 = CYLINDRICAL_SURFACE('',#850,2.977715773796);
#850 = AXIS2_PLACEMENT_3D('',#851,#852,#853);
#851 = CARTESIAN_POINT('',(55.823300241828,23.429859487221,0.));
#852 = DIRECTION('',(-0.,-0.,-1.));
#853 = DIRECTION('',(1.,0.,0.));
#854 = ADVANCED_FACE('',(#855),#880,.F.);
#855 = FACE_BOUND('',#856,.F.);
#856 = EDGE_LOOP('',(#857,#867,#873,#874));
#857 = ORIENTED_EDGE('',*,*,#858,.T.);
#858 = EDGE_CURVE('',#859,#861,#863,.T.);
#859 = VERTEX_POINT('',#860);
#860 = CARTESIAN_POINT('',(57.782374291903,21.124052991728,0.));
#861 = VERTEX_POINT('',#862);
#862 = CARTESIAN_POINT('',(57.782374291903,21.124052991728,1.6));
#863 = LINE('',#864,#865);
#864 = CARTESIAN_POINT('',(57.782374291903,21.124052991728,0.));
#865 = VECTOR('',#866,1.);
#866 = DIRECTION('',(0.,0.,1.));
#867 = ORIENTED_EDGE('',*,*,#868,.T.);
#868 = EDGE_CURVE('',#861,#828,#869,.T.);
#869 = LINE('',#870,#871);
#870 = CARTESIAN_POINT('',(57.782374291903,21.124052991728,1.6));
#871 = VECTOR('',#872,1.);
#872 = DIRECTION('',(0.422618261741,0.906307787037,0.));
#873 = ORIENTED_EDGE('',*,*,#825,.F.);
#874 = ORIENTED_EDGE('',*,*,#875,.F.);
#875 = EDGE_CURVE('',#859,#826,#876,.T.);
#876 = LINE('',#877,#878);
#877 = CARTESIAN_POINT('',(57.782374291903,21.124052991728,0.));
#878 = VECTOR('',#879,1.);
#879 = DIRECTION('',(0.422618261741,0.906307787037,0.));
#880 = PLANE('',#881);
#881 = AXIS2_PLACEMENT_3D('',#882,#883,#884);
#882 = CARTESIAN_POINT('',(57.782374291903,21.124052991728,0.));
#883 = DIRECTION('',(-0.906307787037,0.422618261741,0.));
#884 = DIRECTION('',(0.422618261741,0.906307787037,0.));
#885 = ADVANCED_FACE('',(#886),#913,.F.);
#886 = FACE_BOUND('',#887,.T.);
#887 = EDGE_LOOP('',(#888,#889,#898,#906));
#888 = ORIENTED_EDGE('',*,*,#858,.T.);
#889 = ORIENTED_EDGE('',*,*,#890,.T.);
#890 = EDGE_CURVE('',#861,#891,#893,.T.);
#891 = VERTEX_POINT('',#892);
#892 = CARTESIAN_POINT('',(57.88792925943,20.007998035812,1.6));
#893 = CIRCLE('',#894,1.107573564231);
#894 = AXIS2_PLACEMENT_3D('',#895,#896,#897);
#895 = CARTESIAN_POINT('',(58.786176837882,20.655972177262,1.6));
#896 = DIRECTION('',(0.,0.,1.));
#897 = DIRECTION('',(1.,0.,0.));
#898 = ORIENTED_EDGE('',*,*,#899,.F.);
#899 = EDGE_CURVE('',#900,#891,#902,.T.);
#900 = VERTEX_POINT('',#901);
#901 = CARTESIAN_POINT('',(57.88792925943,20.007998035812,0.));
#902 = LINE('',#903,#904);
#903 = CARTESIAN_POINT('',(57.88792925943,20.007998035812,0.));
#904 = VECTOR('',#905,1.);
#905 = DIRECTION('',(0.,0.,1.));
#906 = ORIENTED_EDGE('',*,*,#907,.F.);
#907 = EDGE_CURVE('',#859,#900,#908,.T.);
#908 = CIRCLE('',#909,1.107573564231);
#909 = AXIS2_PLACEMENT_3D('',#910,#911,#912);
#910 = CARTESIAN_POINT('',(58.786176837882,20.655972177262,0.));
#911 = DIRECTION('',(0.,0.,1.));
#912 = DIRECTION('',(1.,0.,0.));
#913 = CYLINDRICAL_SURFACE('',#914,1.107573564231);
#914 = AXIS2_PLACEMENT_3D('',#915,#916,#917);
#915 = CARTESIAN_POINT('',(58.786176837882,20.655972177262,0.));
#916 = DIRECTION('',(-0.,-0.,-1.));
#917 = DIRECTION('',(1.,0.,0.));
#918 = ADVANCED_FACE('',(#919),#944,.F.);
#919 = FACE_BOUND('',#920,.F.);
#920 = EDGE_LOOP('',(#921,#931,#937,#938));
#921 = ORIENTED_EDGE('',*,*,#922,.T.);
#922 = EDGE_CURVE('',#923,#925,#927,.T.);
#923 = VERTEX_POINT('',#924);
#924 = CARTESIAN_POINT('',(58.60930514398,19.007998035812,0.));
#925 = VERTEX_POINT('',#926);
#926 = CARTESIAN_POINT('',(58.60930514398,19.007998035812,1.6));
#927 = LINE('',#928,#929);
#928 = CARTESIAN_POINT('',(58.60930514398,19.007998035812,0.));
#929 = VECTOR('',#930,1.);
#930 = DIRECTION('',(0.,0.,1.));
#931 = ORIENTED_EDGE('',*,*,#932,.T.);
#932 = EDGE_CURVE('',#925,#891,#933,.T.);
#933 = LINE('',#934,#935);
#934 = CARTESIAN_POINT('',(58.60930514398,19.007998035812,1.6));
#935 = VECTOR('',#936,1.);
#936 = DIRECTION('',(-0.585039371087,0.811004891648,0.));
#937 = ORIENTED_EDGE('',*,*,#899,.F.);
#938 = ORIENTED_EDGE('',*,*,#939,.F.);
#939 = EDGE_CURVE('',#923,#900,#940,.T.);
#940 = LINE('',#941,#942);
#941 = CARTESIAN_POINT('',(58.60930514398,19.007998035812,0.));
#942 = VECTOR('',#943,1.);
#943 = DIRECTION('',(-0.585039371087,0.811004891648,0.));
#944 = PLANE('',#945);
#945 = AXIS2_PLACEMENT_3D('',#946,#947,#948);
#946 = CARTESIAN_POINT('',(58.60930514398,19.007998035812,0.));
#947 = DIRECTION('',(-0.811004891648,-0.585039371087,0.));
#948 = DIRECTION('',(-0.585039371087,0.811004891648,0.));
#949 = ADVANCED_FACE('',(#950),#977,.T.);
#950 = FACE_BOUND('',#951,.F.);
#951 = EDGE_LOOP('',(#952,#962,#969,#970));
#952 = ORIENTED_EDGE('',*,*,#953,.T.);
#953 = EDGE_CURVE('',#954,#956,#958,.T.);
#954 = VERTEX_POINT('',#955);
#955 = CARTESIAN_POINT('',(58.798300252332,18.422958664724,0.));
#956 = VERTEX_POINT('',#957);
#957 = CARTESIAN_POINT('',(58.798300252332,18.422958664724,1.6));
#958 = LINE('',#959,#960);
#959 = CARTESIAN_POINT('',(58.798300252332,18.422958664724,0.));
#960 = VECTOR('',#961,1.);
#961 = DIRECTION('',(0.,0.,1.));
#962 = ORIENTED_EDGE('',*,*,#963,.T.);
#963 = EDGE_CURVE('',#956,#925,#964,.T.);
#964 = CIRCLE('',#965,1.);
#965 = AXIS2_PLACEMENT_3D('',#966,#967,#968);
#966 = CARTESIAN_POINT('',(57.798300252332,18.422958664724,1.6));
#967 = DIRECTION('',(0.,0.,1.));
#968 = DIRECTION('',(1.,0.,0.));
#969 = ORIENTED_EDGE('',*,*,#922,.F.);
#970 = ORIENTED_EDGE('',*,*,#971,.F.);
#971 = EDGE_CURVE('',#954,#923,#972,.T.);
#972 = CIRCLE('',#973,1.);
#973 = AXIS2_PLACEMENT_3D('',#974,#975,#976);
#974 = CARTESIAN_POINT('',(57.798300252332,18.422958664724,0.));
#975 = DIRECTION('',(0.,0.,1.));
#976 = DIRECTION('',(1.,0.,0.));
#977 = CYLINDRICAL_SURFACE('',#978,1.);
#978 = AXIS2_PLACEMENT_3D('',#979,#980,#981);
#979 = CARTESIAN_POINT('',(57.798300252332,18.422958664724,0.));
#980 = DIRECTION('',(-0.,-0.,-1.));
#981 = DIRECTION('',(1.,0.,0.));
#982 = ADVANCED_FACE('',(#983),#1008,.T.);
#983 = FACE_BOUND('',#984,.T.);
#984 = EDGE_LOOP('',(#985,#986,#994,#1002));
#985 = ORIENTED_EDGE('',*,*,#953,.T.);
#986 = ORIENTED_EDGE('',*,*,#987,.T.);
#987 = EDGE_CURVE('',#956,#988,#990,.T.);
#988 = VERTEX_POINT('',#989);
#989 = CARTESIAN_POINT('',(58.798300252332,-8.577041335276,1.6));
#990 = LINE('',#991,#992);
#991 = CARTESIAN_POINT('',(58.798300252332,18.422958664724,1.6));
#992 = VECTOR('',#993,1.);
#993 = DIRECTION('',(0.,-1.,0.));
#994 = ORIENTED_EDGE('',*,*,#995,.F.);
#995 = EDGE_CURVE('',#996,#988,#998,.T.);
#996 = VERTEX_POINT('',#997);
#997 = CARTESIAN_POINT('',(58.798300252332,-8.577041335276,0.));
#998 = LINE('',#999,#1000);
#999 = CARTESIAN_POINT('',(58.798300252332,-8.577041335276,0.));
#1000 = VECTOR('',#1001,1.);
#1001 = DIRECTION('',(0.,0.,1.));
#1002 = ORIENTED_EDGE('',*,*,#1003,.F.);
#1003 = EDGE_CURVE('',#954,#996,#1004,.T.);
#1004 = LINE('',#1005,#1006);
#1005 = CARTESIAN_POINT('',(58.798300252332,18.422958664724,0.));
#1006 = VECTOR('',#1007,1.);
#1007 = DIRECTION('',(0.,-1.,0.));
#1008 = PLANE('',#1009);
#1009 = AXIS2_PLACEMENT_3D('',#1010,#1011,#1012);
#1010 = CARTESIAN_POINT('',(58.798300252332,18.422958664724,0.));
#1011 = DIRECTION('',(1.,0.,0.));
#1012 = DIRECTION('',(0.,-1.,0.));
#1013 = ADVANCED_FACE('',(#1014),#1041,.T.);
#1014 = FACE_BOUND('',#1015,.F.);
#1015 = EDGE_LOOP('',(#1016,#1026,#1033,#1034));
#1016 = ORIENTED_EDGE('',*,*,#1017,.T.);
#1017 = EDGE_CURVE('',#1018,#1020,#1022,.T.);
#1018 = VERTEX_POINT('',#1019);
#1019 = CARTESIAN_POINT('',(57.482340538983,-10.45642657684,0.));
#1020 = VERTEX_POINT('',#1021);
#1021 = CARTESIAN_POINT('',(57.482340538983,-10.45642657684,1.6));
#1022 = LINE('',#1023,#1024);
#1023 = CARTESIAN_POINT('',(57.482340538983,-10.45642657684,0.));
#1024 = VECTOR('',#1025,1.);
#1025 = DIRECTION('',(0.,0.,1.));
#1026 = ORIENTED_EDGE('',*,*,#1027,.T.);
#1027 = EDGE_CURVE('',#1020,#988,#1028,.T.);
#1028 = CIRCLE('',#1029,2.);
#1029 = AXIS2_PLACEMENT_3D('',#1030,#1031,#1032);
#1030 = CARTESIAN_POINT('',(56.798300252332,-8.577041335276,1.6));
#1031 = DIRECTION('',(0.,0.,1.));
#1032 = DIRECTION('',(1.,0.,0.));
#1033 = ORIENTED_EDGE('',*,*,#995,.F.);
#1034 = ORIENTED_EDGE('',*,*,#1035,.F.);
#1035 = EDGE_CURVE('',#1018,#996,#1036,.T.);
#1036 = CIRCLE('',#1037,2.);
#1037 = AXIS2_PLACEMENT_3D('',#1038,#1039,#1040);
#1038 = CARTESIAN_POINT('',(56.798300252332,-8.577041335276,0.));
#1039 = DIRECTION('',(0.,0.,1.));
#1040 = DIRECTION('',(1.,0.,0.));
#1041 = CYLINDRICAL_SURFACE('',#1042,2.);
#1042 = AXIS2_PLACEMENT_3D('',#1043,#1044,#1045);
#1043 = CARTESIAN_POINT('',(56.798300252332,-8.577041335276,0.));
#1044 = DIRECTION('',(-0.,-0.,-1.));
#1045 = DIRECTION('',(1.,0.,0.));
#1046 = ADVANCED_FACE('',(#1047),#1072,.T.);
#1047 = FACE_BOUND('',#1048,.T.);
#1048 = EDGE_LOOP('',(#1049,#1050,#1058,#1066));
#1049 = ORIENTED_EDGE('',*,*,#1017,.T.);
#1050 = ORIENTED_EDGE('',*,*,#1051,.T.);
#1051 = EDGE_CURVE('',#1020,#1052,#1054,.T.);
#1052 = VERTEX_POINT('',#1053);
#1053 = CARTESIAN_POINT('',(39.183848204544,-17.11653311853,1.6));
#1054 = LINE('',#1055,#1056);
#1055 = CARTESIAN_POINT('',(57.482340538983,-10.45642657684,1.6));
#1056 = VECTOR('',#1057,1.);
#1057 = DIRECTION('',(-0.939692620786,-0.342020143326,0.));
#1058 = ORIENTED_EDGE('',*,*,#1059,.F.);
#1059 = EDGE_CURVE('',#1060,#1052,#1062,.T.);
#1060 = VERTEX_POINT('',#1061);
#1061 = CARTESIAN_POINT('',(39.183848204544,-17.11653311853,0.));
#1062 = LINE('',#1063,#1064);
#1063 = CARTESIAN_POINT('',(39.183848204544,-17.11653311853,0.));
#1064 = VECTOR('',#1065,1.);
#1065 = DIRECTION('',(0.,0.,1.));
#1066 = ORIENTED_EDGE('',*,*,#1067,.F.);
#1067 = EDGE_CURVE('',#1018,#1060,#1068,.T.);
#1068 = LINE('',#1069,#1070);
#1069 = CARTESIAN_POINT('',(57.482340538983,-10.45642657684,0.));
#1070 = VECTOR('',#1071,1.);
#1071 = DIRECTION('',(-0.939692620786,-0.342020143326,0.));
#1072 = PLANE('',#1073);
#1073 = AXIS2_PLACEMENT_3D('',#1074,#1075,#1076);
#1074 = CARTESIAN_POINT('',(57.482340538983,-10.45642657684,0.));
#1075 = DIRECTION('',(0.342020143326,-0.939692620786,0.));
#1076 = DIRECTION('',(-0.939692620786,-0.342020143326,0.));
#1077 = ADVANCED_FACE('',(#1078),#1105,.T.);
#1078 = FACE_BOUND('',#1079,.F.);
#1079 = EDGE_LOOP('',(#1080,#1090,#1097,#1098));
#1080 = ORIENTED_EDGE('',*,*,#1081,.T.);
#1081 = EDGE_CURVE('',#1082,#1084,#1086,.T.);
#1082 = VERTEX_POINT('',#1083);
#1083 = CARTESIAN_POINT('',(37.473747487916,-17.4180700146,0.));
#1084 = VERTEX_POINT('',#1085);
#1085 = CARTESIAN_POINT('',(37.473747487916,-17.4180700146,1.6));
#1086 = LINE('',#1087,#1088);
#1087 = CARTESIAN_POINT('',(37.473747487916,-17.4180700146,0.));
#1088 = VECTOR('',#1089,1.);
#1089 = DIRECTION('',(0.,0.,1.));
#1090 = ORIENTED_EDGE('',*,*,#1091,.T.);
#1091 = EDGE_CURVE('',#1084,#1052,#1092,.T.);
#1092 = CIRCLE('',#1093,5.);
#1093 = AXIS2_PLACEMENT_3D('',#1094,#1095,#1096);
#1094 = CARTESIAN_POINT('',(37.473747487916,-12.4180700146,1.6));
#1095 = DIRECTION('',(0.,0.,1.));
#1096 = DIRECTION('',(1.,0.,0.));
#1097 = ORIENTED_EDGE('',*,*,#1059,.F.);
#1098 = ORIENTED_EDGE('',*,*,#1099,.F.);
#1099 = EDGE_CURVE('',#1082,#1060,#1100,.T.);
#1100 = CIRCLE('',#1101,5.);
#1101 = AXIS2_PLACEMENT_3D('',#1102,#1103,#1104);
#1102 = CARTESIAN_POINT('',(37.473747487916,-12.4180700146,0.));
#1103 = DIRECTION('',(0.,0.,1.));
#1104 = DIRECTION('',(1.,0.,0.));
#1105 = CYLINDRICAL_SURFACE('',#1106,5.);
#1106 = AXIS2_PLACEMENT_3D('',#1107,#1108,#1109);
#1107 = CARTESIAN_POINT('',(37.473747487916,-12.4180700146,0.));
#1108 = DIRECTION('',(-0.,-0.,-1.));
#1109 = DIRECTION('',(1.,0.,0.));
#1110 = ADVANCED_FACE('',(#1111),#1136,.T.);
#1111 = FACE_BOUND('',#1112,.T.);
#1112 = EDGE_LOOP('',(#1113,#1114,#1122,#1130));
#1113 = ORIENTED_EDGE('',*,*,#1081,.T.);
#1114 = ORIENTED_EDGE('',*,*,#1115,.T.);
#1115 = EDGE_CURVE('',#1084,#1116,#1118,.T.);
#1116 = VERTEX_POINT('',#1117);
#1117 = CARTESIAN_POINT('',(29.855382391458,-17.4180700146,1.6));
#1118 = LINE('',#1119,#1120);
#1119 = CARTESIAN_POINT('',(37.473747487916,-17.4180700146,1.6));
#1120 = VECTOR('',#1121,1.);
#1121 = DIRECTION('',(-1.,0.,0.));
#1122 = ORIENTED_EDGE('',*,*,#1123,.F.);
#1123 = EDGE_CURVE('',#1124,#1116,#1126,.T.);
#1124 = VERTEX_POINT('',#1125);
#1125 = CARTESIAN_POINT('',(29.855382391458,-17.4180700146,0.));
#1126 = LINE('',#1127,#1128);
#1127 = CARTESIAN_POINT('',(29.855382391458,-17.4180700146,0.));
#1128 = VECTOR('',#1129,1.);
#1129 = DIRECTION('',(0.,0.,1.));
#1130 = ORIENTED_EDGE('',*,*,#1131,.F.);
#1131 = EDGE_CURVE('',#1082,#1124,#1132,.T.);
#1132 = LINE('',#1133,#1134);
#1133 = CARTESIAN_POINT('',(37.473747487916,-17.4180700146,0.));
#1134 = VECTOR('',#1135,1.);
#1135 = DIRECTION('',(-1.,0.,0.));
#1136 = PLANE('',#1137);
#1137 = AXIS2_PLACEMENT_3D('',#1138,#1139,#1140);
#1138 = CARTESIAN_POINT('',(37.473747487916,-17.4180700146,0.));
#1139 = DIRECTION('',(0.,-1.,0.));
#1140 = DIRECTION('',(-1.,0.,0.));
#1141 = ADVANCED_FACE('',(#1142),#1169,.F.);
#1142 = FACE_BOUND('',#1143,.T.);
#1143 = EDGE_LOOP('',(#1144,#1145,#1154,#1162));
#1144 = ORIENTED_EDGE('',*,*,#1123,.T.);
#1145 = ORIENTED_EDGE('',*,*,#1146,.T.);
#1146 = EDGE_CURVE('',#1116,#1147,#1149,.T.);
#1147 = VERTEX_POINT('',#1148);
#1148 = CARTESIAN_POINT('',(27.855382391458,-19.4180700146,1.6));
#1149 = CIRCLE('',#1150,2.);
#1150 = AXIS2_PLACEMENT_3D('',#1151,#1152,#1153);
#1151 = CARTESIAN_POINT('',(29.855382391458,-19.4180700146,1.6));
#1152 = DIRECTION('',(0.,0.,1.));
#1153 = DIRECTION('',(1.,0.,0.));
#1154 = ORIENTED_EDGE('',*,*,#1155,.F.);
#1155 = EDGE_CURVE('',#1156,#1147,#1158,.T.);
#1156 = VERTEX_POINT('',#1157);
#1157 = CARTESIAN_POINT('',(27.855382391458,-19.4180700146,0.));
#1158 = LINE('',#1159,#1160);
#1159 = CARTESIAN_POINT('',(27.855382391458,-19.4180700146,0.));
#1160 = VECTOR('',#1161,1.);
#1161 = DIRECTION('',(0.,0.,1.));
#1162 = ORIENTED_EDGE('',*,*,#1163,.F.);
#1163 = EDGE_CURVE('',#1124,#1156,#1164,.T.);
#1164 = CIRCLE('',#1165,2.);
#1165 = AXIS2_PLACEMENT_3D('',#1166,#1167,#1168);
#1166 = CARTESIAN_POINT('',(29.855382391458,-19.4180700146,0.));
#1167 = DIRECTION('',(0.,0.,1.));
#1168 = DIRECTION('',(1.,0.,0.));
#1169 = CYLINDRICAL_SURFACE('',#1170,2.);
#1170 = AXIS2_PLACEMENT_3D('',#1171,#1172,#1173);
#1171 = CARTESIAN_POINT('',(29.855382391458,-19.4180700146,0.));
#1172 = DIRECTION('',(-0.,-0.,-1.));
#1173 = DIRECTION('',(1.,0.,0.));
#1174 = ADVANCED_FACE('',(#1175),#1200,.T.);
#1175 = FACE_BOUND('',#1176,.T.);
#1176 = EDGE_LOOP('',(#1177,#1178,#1186,#1194));
#1177 = ORIENTED_EDGE('',*,*,#1155,.T.);
#1178 = ORIENTED_EDGE('',*,*,#1179,.T.);
#1179 = EDGE_CURVE('',#1147,#1180,#1182,.T.);
#1180 = VERTEX_POINT('',#1181);
#1181 = CARTESIAN_POINT('',(27.855382391458,-23.3180700146,1.6));
#1182 = LINE('',#1183,#1184);
#1183 = CARTESIAN_POINT('',(27.855382391458,-19.4180700146,1.6));
#1184 = VECTOR('',#1185,1.);
#1185 = DIRECTION('',(0.,-1.,0.));
#1186 = ORIENTED_EDGE('',*,*,#1187,.F.);
#1187 = EDGE_CURVE('',#1188,#1180,#1190,.T.);
#1188 = VERTEX_POINT('',#1189);
#1189 = CARTESIAN_POINT('',(27.855382391458,-23.3180700146,0.));
#1190 = LINE('',#1191,#1192);
#1191 = CARTESIAN_POINT('',(27.855382391458,-23.3180700146,0.));
#1192 = VECTOR('',#1193,1.);
#1193 = DIRECTION('',(0.,0.,1.));
#1194 = ORIENTED_EDGE('',*,*,#1195,.F.);
#1195 = EDGE_CURVE('',#1156,#1188,#1196,.T.);
#1196 = LINE('',#1197,#1198);
#1197 = CARTESIAN_POINT('',(27.855382391458,-19.4180700146,0.));
#1198 = VECTOR('',#1199,1.);
#1199 = DIRECTION('',(0.,-1.,0.));
#1200 = PLANE('',#1201);
#1201 = AXIS2_PLACEMENT_3D('',#1202,#1203,#1204);
#1202 = CARTESIAN_POINT('',(27.855382391458,-19.4180700146,0.));
#1203 = DIRECTION('',(1.,0.,0.));
#1204 = DIRECTION('',(0.,-1.,0.));
#1205 = ADVANCED_FACE('',(#1206),#1233,.T.);
#1206 = FACE_BOUND('',#1207,.F.);
#1207 = EDGE_LOOP('',(#1208,#1218,#1225,#1226));
#1208 = ORIENTED_EDGE('',*,*,#1209,.T.);
#1209 = EDGE_CURVE('',#1210,#1212,#1214,.T.);
#1210 = VERTEX_POINT('',#1211);
#1211 = CARTESIAN_POINT('',(25.855382391458,-25.3180700146,0.));
#1212 = VERTEX_POINT('',#1213);
#1213 = CARTESIAN_POINT('',(25.855382391458,-25.3180700146,1.6));
#1214 = LINE('',#1215,#1216);
#1215 = CARTESIAN_POINT('',(25.855382391458,-25.3180700146,0.));
#1216 = VECTOR('',#1217,1.);
#1217 = DIRECTION('',(0.,0.,1.));
#1218 = ORIENTED_EDGE('',*,*,#1219,.T.);
#1219 = EDGE_CURVE('',#1212,#1180,#1220,.T.);
#1220 = CIRCLE('',#1221,2.);
#1221 = AXIS2_PLACEMENT_3D('',#1222,#1223,#1224);
#1222 = CARTESIAN_POINT('',(25.855382391458,-23.3180700146,1.6));
#1223 = DIRECTION('',(0.,0.,1.));
#1224 = DIRECTION('',(1.,0.,0.));
#1225 = ORIENTED_EDGE('',*,*,#1187,.F.);
#1226 = ORIENTED_EDGE('',*,*,#1227,.F.);
#1227 = EDGE_CURVE('',#1210,#1188,#1228,.T.);
#1228 = CIRCLE('',#1229,2.);
#1229 = AXIS2_PLACEMENT_3D('',#1230,#1231,#1232);
#1230 = CARTESIAN_POINT('',(25.855382391458,-23.3180700146,0.));
#1231 = DIRECTION('',(0.,0.,1.));
#1232 = DIRECTION('',(1.,0.,0.));
#1233 = CYLINDRICAL_SURFACE('',#1234,2.);
#1234 = AXIS2_PLACEMENT_3D('',#1235,#1236,#1237);
#1235 = CARTESIAN_POINT('',(25.855382391458,-23.3180700146,0.));
#1236 = DIRECTION('',(-0.,-0.,-1.));
#1237 = DIRECTION('',(1.,0.,0.));
#1238 = ADVANCED_FACE('',(#1239),#1264,.T.);
#1239 = FACE_BOUND('',#1240,.T.);
#1240 = EDGE_LOOP('',(#1241,#1242,#1250,#1258));
#1241 = ORIENTED_EDGE('',*,*,#1209,.T.);
#1242 = ORIENTED_EDGE('',*,*,#1243,.T.);
#1243 = EDGE_CURVE('',#1212,#1244,#1246,.T.);
#1244 = VERTEX_POINT('',#1245);
#1245 = CARTESIAN_POINT('',(-24.54461760854,-25.3180700146,1.6));
#1246 = LINE('',#1247,#1248);
#1247 = CARTESIAN_POINT('',(25.855382391458,-25.3180700146,1.6));
#1248 = VECTOR('',#1249,1.);
#1249 = DIRECTION('',(-1.,0.,0.));
#1250 = ORIENTED_EDGE('',*,*,#1251,.F.);
#1251 = EDGE_CURVE('',#1252,#1244,#1254,.T.);
#1252 = VERTEX_POINT('',#1253);
#1253 = CARTESIAN_POINT('',(-24.54461760854,-25.3180700146,0.));
#1254 = LINE('',#1255,#1256);
#1255 = CARTESIAN_POINT('',(-24.54461760854,-25.3180700146,0.));
#1256 = VECTOR('',#1257,1.);
#1257 = DIRECTION('',(0.,0.,1.));
#1258 = ORIENTED_EDGE('',*,*,#1259,.F.);
#1259 = EDGE_CURVE('',#1210,#1252,#1260,.T.);
#1260 = LINE('',#1261,#1262);
#1261 = CARTESIAN_POINT('',(25.855382391458,-25.3180700146,0.));
#1262 = VECTOR('',#1263,1.);
#1263 = DIRECTION('',(-1.,0.,0.));
#1264 = PLANE('',#1265);
#1265 = AXIS2_PLACEMENT_3D('',#1266,#1267,#1268);
#1266 = CARTESIAN_POINT('',(25.855382391458,-25.3180700146,0.));
#1267 = DIRECTION('',(0.,-1.,0.));
#1268 = DIRECTION('',(-1.,0.,0.));
#1269 = ADVANCED_FACE('',(#1270),#1297,.T.);
#1270 = FACE_BOUND('',#1271,.F.);
#1271 = EDGE_LOOP('',(#1272,#1282,#1289,#1290));
#1272 = ORIENTED_EDGE('',*,*,#1273,.T.);
#1273 = EDGE_CURVE('',#1274,#1276,#1278,.T.);
#1274 = VERTEX_POINT('',#1275);
#1275 = CARTESIAN_POINT('',(-26.54461760854,-23.3180700146,0.));
#1276 = VERTEX_POINT('',#1277);
#1277 = CARTESIAN_POINT('',(-26.54461760854,-23.3180700146,1.6));
#1278 = LINE('',#1279,#1280);
#1279 = CARTESIAN_POINT('',(-26.54461760854,-23.3180700146,0.));
#1280 = VECTOR('',#1281,1.);
#1281 = DIRECTION('',(0.,0.,1.));
#1282 = ORIENTED_EDGE('',*,*,#1283,.T.);
#1283 = EDGE_CURVE('',#1276,#1244,#1284,.T.);
#1284 = CIRCLE('',#1285,2.);
#1285 = AXIS2_PLACEMENT_3D('',#1286,#1287,#1288);
#1286 = CARTESIAN_POINT('',(-24.54461760854,-23.3180700146,1.6));
#1287 = DIRECTION('',(0.,0.,1.));
#1288 = DIRECTION('',(1.,0.,0.));
#1289 = ORIENTED_EDGE('',*,*,#1251,.F.);
#1290 = ORIENTED_EDGE('',*,*,#1291,.F.);
#1291 = EDGE_CURVE('',#1274,#1252,#1292,.T.);
#1292 = CIRCLE('',#1293,2.);
#1293 = AXIS2_PLACEMENT_3D('',#1294,#1295,#1296);
#1294 = CARTESIAN_POINT('',(-24.54461760854,-23.3180700146,0.));
#1295 = DIRECTION('',(0.,0.,1.));
#1296 = DIRECTION('',(1.,0.,0.));
#1297 = CYLINDRICAL_SURFACE('',#1298,2.);
#1298 = AXIS2_PLACEMENT_3D('',#1299,#1300,#1301);
#1299 = CARTESIAN_POINT('',(-24.54461760854,-23.3180700146,0.));
#1300 = DIRECTION('',(-0.,-0.,-1.));
#1301 = DIRECTION('',(1.,0.,0.));
#1302 = ADVANCED_FACE('',(#1303),#1328,.T.);
#1303 = FACE_BOUND('',#1304,.T.);
#1304 = EDGE_LOOP('',(#1305,#1306,#1314,#1322));
#1305 = ORIENTED_EDGE('',*,*,#1273,.T.);
#1306 = ORIENTED_EDGE('',*,*,#1307,.T.);
#1307 = EDGE_CURVE('',#1276,#1308,#1310,.T.);
#1308 = VERTEX_POINT('',#1309);
#1309 = CARTESIAN_POINT('',(-26.54461760854,-19.4180700146,1.6));
#1310 = LINE('',#1311,#1312);
#1311 = CARTESIAN_POINT('',(-26.54461760854,-23.3180700146,1.6));
#1312 = VECTOR('',#1313,1.);
#1313 = DIRECTION('',(0.,1.,0.));
#1314 = ORIENTED_EDGE('',*,*,#1315,.F.);
#1315 = EDGE_CURVE('',#1316,#1308,#1318,.T.);
#1316 = VERTEX_POINT('',#1317);
#1317 = CARTESIAN_POINT('',(-26.54461760854,-19.4180700146,0.));
#1318 = LINE('',#1319,#1320);
#1319 = CARTESIAN_POINT('',(-26.54461760854,-19.4180700146,0.));
#1320 = VECTOR('',#1321,1.);
#1321 = DIRECTION('',(0.,0.,1.));
#1322 = ORIENTED_EDGE('',*,*,#1323,.F.);
#1323 = EDGE_CURVE('',#1274,#1316,#1324,.T.);
#1324 = LINE('',#1325,#1326);
#1325 = CARTESIAN_POINT('',(-26.54461760854,-23.3180700146,0.));
#1326 = VECTOR('',#1327,1.);
#1327 = DIRECTION('',(0.,1.,0.));
#1328 = PLANE('',#1329);
#1329 = AXIS2_PLACEMENT_3D('',#1330,#1331,#1332);
#1330 = CARTESIAN_POINT('',(-26.54461760854,-23.3180700146,0.));
#1331 = DIRECTION('',(-1.,0.,0.));
#1332 = DIRECTION('',(0.,1.,0.));
#1333 = ADVANCED_FACE('',(#1334),#1361,.F.);
#1334 = FACE_BOUND('',#1335,.T.);
#1335 = EDGE_LOOP('',(#1336,#1337,#1346,#1354));
#1336 = ORIENTED_EDGE('',*,*,#1315,.T.);
#1337 = ORIENTED_EDGE('',*,*,#1338,.T.);
#1338 = EDGE_CURVE('',#1308,#1339,#1341,.T.);
#1339 = VERTEX_POINT('',#1340);
#1340 = CARTESIAN_POINT('',(-28.54461760854,-17.4180700146,1.6));
#1341 = CIRCLE('',#1342,2.);
#1342 = AXIS2_PLACEMENT_3D('',#1343,#1344,#1345);
#1343 = CARTESIAN_POINT('',(-28.54461760854,-19.4180700146,1.6));
#1344 = DIRECTION('',(0.,0.,1.));
#1345 = DIRECTION('',(1.,0.,0.));
#1346 = ORIENTED_EDGE('',*,*,#1347,.F.);
#1347 = EDGE_CURVE('',#1348,#1339,#1350,.T.);
#1348 = VERTEX_POINT('',#1349);
#1349 = CARTESIAN_POINT('',(-28.54461760854,-17.4180700146,0.));
#1350 = LINE('',#1351,#1352);
#1351 = CARTESIAN_POINT('',(-28.54461760854,-17.4180700146,0.));
#1352 = VECTOR('',#1353,1.);
#1353 = DIRECTION('',(0.,0.,1.));
#1354 = ORIENTED_EDGE('',*,*,#1355,.F.);
#1355 = EDGE_CURVE('',#1316,#1348,#1356,.T.);
#1356 = CIRCLE('',#1357,2.);
#1357 = AXIS2_PLACEMENT_3D('',#1358,#1359,#1360);
#1358 = CARTESIAN_POINT('',(-28.54461760854,-19.4180700146,0.));
#1359 = DIRECTION('',(0.,0.,1.));
#1360 = DIRECTION('',(1.,0.,0.));
#1361 = CYLINDRICAL_SURFACE('',#1362,2.);
#1362 = AXIS2_PLACEMENT_3D('',#1363,#1364,#1365);
#1363 = CARTESIAN_POINT('',(-28.54461760854,-19.4180700146,0.));
#1364 = DIRECTION('',(-0.,-0.,-1.));
#1365 = DIRECTION('',(1.,0.,0.));
#1366 = ADVANCED_FACE('',(#1367),#1392,.T.);
#1367 = FACE_BOUND('',#1368,.T.);
#1368 = EDGE_LOOP('',(#1369,#1370,#1378,#1386));
#1369 = ORIENTED_EDGE('',*,*,#1347,.T.);
#1370 = ORIENTED_EDGE('',*,*,#1371,.T.);
#1371 = EDGE_CURVE('',#1339,#1372,#1374,.T.);
#1372 = VERTEX_POINT('',#1373);
#1373 = CARTESIAN_POINT('',(-35.73818840572,-17.4180700146,1.6));
#1374 = LINE('',#1375,#1376);
#1375 = CARTESIAN_POINT('',(-28.54461760854,-17.4180700146,1.6));
#1376 = VECTOR('',#1377,1.);
#1377 = DIRECTION('',(-1.,4.938734571422E-16,0.));
#1378 = ORIENTED_EDGE('',*,*,#1379,.F.);
#1379 = EDGE_CURVE('',#1380,#1372,#1382,.T.);
#1380 = VERTEX_POINT('',#1381);
#1381 = CARTESIAN_POINT('',(-35.73818840572,-17.4180700146,0.));
#1382 = LINE('',#1383,#1384);
#1383 = CARTESIAN_POINT('',(-35.73818840572,-17.4180700146,0.));
#1384 = VECTOR('',#1385,1.);
#1385 = DIRECTION('',(0.,0.,1.));
#1386 = ORIENTED_EDGE('',*,*,#1387,.F.);
#1387 = EDGE_CURVE('',#1348,#1380,#1388,.T.);
#1388 = LINE('',#1389,#1390);
#1389 = CARTESIAN_POINT('',(-28.54461760854,-17.4180700146,0.));
#1390 = VECTOR('',#1391,1.);
#1391 = DIRECTION('',(-1.,4.938734571422E-16,0.));
#1392 = PLANE('',#1393);
#1393 = AXIS2_PLACEMENT_3D('',#1394,#1395,#1396);
#1394 = CARTESIAN_POINT('',(-28.54461760854,-17.4180700146,0.));
#1395 = DIRECTION('',(-4.938734571422E-16,-1.,0.));
#1396 = DIRECTION('',(-1.,4.938734571422E-16,0.));
#1397 = ADVANCED_FACE('',(#1398),#1425,.T.);
#1398 = FACE_BOUND('',#1399,.F.);
#1399 = EDGE_LOOP('',(#1400,#1410,#1417,#1418));
#1400 = ORIENTED_EDGE('',*,*,#1401,.T.);
#1401 = EDGE_CURVE('',#1402,#1404,#1406,.T.);
#1402 = VERTEX_POINT('',#1403);
#1403 = CARTESIAN_POINT('',(-37.31015505067,-17.16453405293,0.));
#1404 = VERTEX_POINT('',#1405);
#1405 = CARTESIAN_POINT('',(-37.31015505067,-17.16453405293,1.6));
#1406 = LINE('',#1407,#1408);
#1407 = CARTESIAN_POINT('',(-37.31015505067,-17.16453405293,0.));
#1408 = VECTOR('',#1409,1.);
#1409 = DIRECTION('',(0.,0.,1.));
#1410 = ORIENTED_EDGE('',*,*,#1411,.T.);
#1411 = EDGE_CURVE('',#1404,#1372,#1412,.T.);
#1412 = CIRCLE('',#1413,5.);
#1413 = AXIS2_PLACEMENT_3D('',#1414,#1415,#1416);
#1414 = CARTESIAN_POINT('',(-35.73818840572,-12.4180700146,1.6));
#1415 = DIRECTION('',(0.,0.,1.));
#1416 = DIRECTION('',(1.,0.,0.));
#1417 = ORIENTED_EDGE('',*,*,#1379,.F.);
#1418 = ORIENTED_EDGE('',*,*,#1419,.F.);
#1419 = EDGE_CURVE('',#1402,#1380,#1420,.T.);
#1420 = CIRCLE('',#1421,5.);
#1421 = AXIS2_PLACEMENT_3D('',#1422,#1423,#1424);
#1422 = CARTESIAN_POINT('',(-35.73818840572,-12.4180700146,0.));
#1423 = DIRECTION('',(0.,0.,1.));
#1424 = DIRECTION('',(1.,0.,0.));
#1425 = CYLINDRICAL_SURFACE('',#1426,5.);
#1426 = AXIS2_PLACEMENT_3D('',#1427,#1428,#1429);
#1427 = CARTESIAN_POINT('',(-35.73818840572,-12.4180700146,0.));
#1428 = DIRECTION('',(-0.,-0.,-1.));
#1429 = DIRECTION('',(1.,0.,0.));
#1430 = ADVANCED_FACE('',(#1431),#1456,.T.);
#1431 = FACE_BOUND('',#1432,.T.);
#1432 = EDGE_LOOP('',(#1433,#1434,#1442,#1450));
#1433 = ORIENTED_EDGE('',*,*,#1401,.T.);
#1434 = ORIENTED_EDGE('',*,*,#1435,.T.);
#1435 = EDGE_CURVE('',#1404,#1436,#1438,.T.);
#1436 = VERTEX_POINT('',#1437);
#1437 = CARTESIAN_POINT('',(-55.68048640564,-11.08052121443,1.6));
#1438 = LINE('',#1439,#1440);
#1439 = CARTESIAN_POINT('',(-37.31015505067,-17.16453405293,1.6));
#1440 = VECTOR('',#1441,1.);
#1441 = DIRECTION('',(-0.949292807666,0.31439332899,0.));
#1442 = ORIENTED_EDGE('',*,*,#1443,.F.);
#1443 = EDGE_CURVE('',#1444,#1436,#1446,.T.);
#1444 = VERTEX_POINT('',#1445);
#1445 = CARTESIAN_POINT('',(-55.68048640564,-11.08052121443,0.));
#1446 = LINE('',#1447,#1448);
#1447 = CARTESIAN_POINT('',(-55.68048640564,-11.08052121443,0.));
#1448 = VECTOR('',#1449,1.);
#1449 = DIRECTION('',(0.,0.,1.));
#1450 = ORIENTED_EDGE('',*,*,#1451,.F.);
#1451 = EDGE_CURVE('',#1402,#1444,#1452,.T.);
#1452 = LINE('',#1453,#1454);
#1453 = CARTESIAN_POINT('',(-37.31015505067,-17.16453405293,0.));
#1454 = VECTOR('',#1455,1.);
#1455 = DIRECTION('',(-0.949292807666,0.31439332899,0.));
#1456 = PLANE('',#1457);
#1457 = AXIS2_PLACEMENT_3D('',#1458,#1459,#1460);
#1458 = CARTESIAN_POINT('',(-37.31015505067,-17.16453405293,0.));
#1459 = DIRECTION('',(-0.31439332899,-0.949292807666,0.));
#1460 = DIRECTION('',(-0.949292807666,0.31439332899,0.));
#1461 = ADVANCED_FACE('',(#1462),#1489,.T.);
#1462 = FACE_BOUND('',#1463,.F.);
#1463 = EDGE_LOOP('',(#1464,#1474,#1481,#1482));
#1464 = ORIENTED_EDGE('',*,*,#1465,.T.);
#1465 = EDGE_CURVE('',#1466,#1468,#1470,.T.);
#1466 = VERTEX_POINT('',#1467);
#1467 = CARTESIAN_POINT('',(-57.05169974766,-9.1819355991,0.));
#1468 = VERTEX_POINT('',#1469);
#1469 = CARTESIAN_POINT('',(-57.05169974766,-9.1819355991,1.6));
#1470 = LINE('',#1471,#1472);
#1471 = CARTESIAN_POINT('',(-57.05169974766,-9.1819355991,0.));
#1472 = VECTOR('',#1473,1.);
#1473 = DIRECTION('',(0.,0.,1.));
#1474 = ORIENTED_EDGE('',*,*,#1475,.T.);
#1475 = EDGE_CURVE('',#1468,#1436,#1476,.T.);
#1476 = CIRCLE('',#1477,2.);
#1477 = AXIS2_PLACEMENT_3D('',#1478,#1479,#1480);
#1478 = CARTESIAN_POINT('',(-55.05169974766,-9.1819355991,1.6));
#1479 = DIRECTION('',(0.,0.,1.));
#1480 = DIRECTION('',(1.,0.,0.));
#1481 = ORIENTED_EDGE('',*,*,#1443,.F.);
#1482 = ORIENTED_EDGE('',*,*,#1483,.F.);
#1483 = EDGE_CURVE('',#1466,#1444,#1484,.T.);
#1484 = CIRCLE('',#1485,2.);
#1485 = AXIS2_PLACEMENT_3D('',#1486,#1487,#1488);
#1486 = CARTESIAN_POINT('',(-55.05169974766,-9.1819355991,0.));
#1487 = DIRECTION('',(0.,0.,1.));
#1488 = DIRECTION('',(1.,0.,0.));
#1489 = CYLINDRICAL_SURFACE('',#1490,2.);
#1490 = AXIS2_PLACEMENT_3D('',#1491,#1492,#1493);
#1491 = CARTESIAN_POINT('',(-55.05169974766,-9.1819355991,0.));
#1492 = DIRECTION('',(-0.,-0.,-1.));
#1493 = DIRECTION('',(1.,0.,0.));
#1494 = ADVANCED_FACE('',(#1495),#1520,.T.);
#1495 = FACE_BOUND('',#1496,.T.);
#1496 = EDGE_LOOP('',(#1497,#1498,#1506,#1514));
#1497 = ORIENTED_EDGE('',*,*,#1465,.T.);
#1498 = ORIENTED_EDGE('',*,*,#1499,.T.);
#1499 = EDGE_CURVE('',#1468,#1500,#1502,.T.);
#1500 = VERTEX_POINT('',#1501);
#1501 = CARTESIAN_POINT('',(-57.05169974766,17.254099098682,1.6));
#1502 = LINE('',#1503,#1504);
#1503 = CARTESIAN_POINT('',(-57.05169974766,-9.1819355991,1.6));
#1504 = VECTOR('',#1505,1.);
#1505 = DIRECTION('',(0.,1.,0.));
#1506 = ORIENTED_EDGE('',*,*,#1507,.F.);
#1507 = EDGE_CURVE('',#1508,#1500,#1510,.T.);
#1508 = VERTEX_POINT('',#1509);
#1509 = CARTESIAN_POINT('',(-57.05169974766,17.254099098682,0.));
#1510 = LINE('',#1511,#1512);
#1511 = CARTESIAN_POINT('',(-57.05169974766,17.254099098682,0.));
#1512 = VECTOR('',#1513,1.);
#1513 = DIRECTION('',(0.,0.,1.));
#1514 = ORIENTED_EDGE('',*,*,#1515,.F.);
#1515 = EDGE_CURVE('',#1466,#1508,#1516,.T.);
#1516 = LINE('',#1517,#1518);
#1517 = CARTESIAN_POINT('',(-57.05169974766,-9.1819355991,0.));
#1518 = VECTOR('',#1519,1.);
#1519 = DIRECTION('',(0.,1.,0.));
#1520 = PLANE('',#1521);
#1521 = AXIS2_PLACEMENT_3D('',#1522,#1523,#1524);
#1522 = CARTESIAN_POINT('',(-57.05169974766,-9.1819355991,0.));
#1523 = DIRECTION('',(-1.,0.,0.));
#1524 = DIRECTION('',(0.,1.,0.));
#1525 = ADVANCED_FACE('',(#1526),#1553,.T.);
#1526 = FACE_BOUND('',#1527,.F.);
#1527 = EDGE_LOOP('',(#1528,#1538,#1545,#1546));
#1528 = ORIENTED_EDGE('',*,*,#1529,.T.);
#1529 = EDGE_CURVE('',#1530,#1532,#1534,.T.);
#1530 = VERTEX_POINT('',#1531);
#1531 = CARTESIAN_POINT('',(-56.88629860976,18.050495366378,0.));
#1532 = VERTEX_POINT('',#1533);
#1533 = CARTESIAN_POINT('',(-56.88629860976,18.050495366378,1.6));
#1534 = LINE('',#1535,#1536);
#1535 = CARTESIAN_POINT('',(-56.88629860976,18.050495366378,0.));
#1536 = VECTOR('',#1537,1.);
#1537 = DIRECTION('',(0.,0.,1.));
#1538 = ORIENTED_EDGE('',*,*,#1539,.T.);
#1539 = EDGE_CURVE('',#1532,#1500,#1540,.T.);
#1540 = CIRCLE('',#1541,2.);
#1541 = AXIS2_PLACEMENT_3D('',#1542,#1543,#1544);
#1542 = CARTESIAN_POINT('',(-55.05169974766,17.254099098682,1.6));
#1543 = DIRECTION('',(0.,0.,1.));
#1544 = DIRECTION('',(1.,0.,0.));
#1545 = ORIENTED_EDGE('',*,*,#1507,.F.);
#1546 = ORIENTED_EDGE('',*,*,#1547,.F.);
#1547 = EDGE_CURVE('',#1530,#1508,#1548,.T.);
#1548 = CIRCLE('',#1549,2.);
#1549 = AXIS2_PLACEMENT_3D('',#1550,#1551,#1552);
#1550 = CARTESIAN_POINT('',(-55.05169974766,17.254099098682,0.));
#1551 = DIRECTION('',(0.,0.,1.));
#1552 = DIRECTION('',(1.,0.,0.));
#1553 = CYLINDRICAL_SURFACE('',#1554,2.);
#1554 = AXIS2_PLACEMENT_3D('',#1555,#1556,#1557);
#1555 = CARTESIAN_POINT('',(-55.05169974766,17.254099098682,0.));
#1556 = DIRECTION('',(-0.,-0.,-1.));
#1557 = DIRECTION('',(1.,0.,0.));
#1558 = ADVANCED_FACE('',(#1559),#1584,.T.);
#1559 = FACE_BOUND('',#1560,.T.);
#1560 = EDGE_LOOP('',(#1561,#1562,#1570,#1578));
#1561 = ORIENTED_EDGE('',*,*,#1529,.T.);
#1562 = ORIENTED_EDGE('',*,*,#1563,.T.);
#1563 = EDGE_CURVE('',#1532,#1564,#1566,.T.);
#1564 = VERTEX_POINT('',#1565);
#1565 = CARTESIAN_POINT('',(-56.41710088557,19.13135127419,1.6));
#1566 = LINE('',#1567,#1568);
#1567 = CARTESIAN_POINT('',(-56.88629860976,18.050495366378,1.6));
#1568 = VECTOR('',#1569,1.);
#1569 = DIRECTION('',(0.398198133848,0.917299431048,0.));
#1570 = ORIENTED_EDGE('',*,*,#1571,.F.);
#1571 = EDGE_CURVE('',#1572,#1564,#1574,.T.);
#1572 = VERTEX_POINT('',#1573);
#1573 = CARTESIAN_POINT('',(-56.41710088557,19.13135127419,0.));
#1574 = LINE('',#1575,#1576);
#1575 = CARTESIAN_POINT('',(-56.41710088557,19.13135127419,0.));
#1576 = VECTOR('',#1577,1.);
#1577 = DIRECTION('',(0.,0.,1.));
#1578 = ORIENTED_EDGE('',*,*,#1579,.F.);
#1579 = EDGE_CURVE('',#1530,#1572,#1580,.T.);
#1580 = LINE('',#1581,#1582);
#1581 = CARTESIAN_POINT('',(-56.88629860976,18.050495366378,0.));
#1582 = VECTOR('',#1583,1.);
#1583 = DIRECTION('',(0.398198133848,0.917299431048,0.));
#1584 = PLANE('',#1585);
#1585 = AXIS2_PLACEMENT_3D('',#1586,#1587,#1588);
#1586 = CARTESIAN_POINT('',(-56.88629860976,18.050495366378,0.));
#1587 = DIRECTION('',(-0.917299431048,0.398198133848,0.));
#1588 = DIRECTION('',(0.398198133848,0.917299431048,0.));
#1589 = ADVANCED_FACE('',(#1590),#1617,.F.);
#1590 = FACE_BOUND('',#1591,.T.);
#1591 = EDGE_LOOP('',(#1592,#1593,#1602,#1610));
#1592 = ORIENTED_EDGE('',*,*,#1571,.T.);
#1593 = ORIENTED_EDGE('',*,*,#1594,.T.);
#1594 = EDGE_CURVE('',#1564,#1595,#1597,.T.);
#1595 = VERTEX_POINT('',#1596);
#1596 = CARTESIAN_POINT('',(-56.25169974766,19.927747541885,1.6));
#1597 = CIRCLE('',#1598,2.);
#1598 = AXIS2_PLACEMENT_3D('',#1599,#1600,#1601);
#1599 = CARTESIAN_POINT('',(-58.25169974766,19.927747541885,1.6));
#1600 = DIRECTION('',(0.,0.,1.));
#1601 = DIRECTION('',(1.,0.,0.));
#1602 = ORIENTED_EDGE('',*,*,#1603,.F.);
#1603 = EDGE_CURVE('',#1604,#1595,#1606,.T.);
#1604 = VERTEX_POINT('',#1605);
#1605 = CARTESIAN_POINT('',(-56.25169974766,19.927747541885,0.));
#1606 = LINE('',#1607,#1608);
#1607 = CARTESIAN_POINT('',(-56.25169974766,19.927747541885,0.));
#1608 = VECTOR('',#1609,1.);
#1609 = DIRECTION('',(0.,0.,1.));
#1610 = ORIENTED_EDGE('',*,*,#1611,.F.);
#1611 = EDGE_CURVE('',#1572,#1604,#1612,.T.);
#1612 = CIRCLE('',#1613,2.);
#1613 = AXIS2_PLACEMENT_3D('',#1614,#1615,#1616);
#1614 = CARTESIAN_POINT('',(-58.25169974766,19.927747541885,0.));
#1615 = DIRECTION('',(0.,0.,1.));
#1616 = DIRECTION('',(1.,0.,0.));
#1617 = CYLINDRICAL_SURFACE('',#1618,2.);
#1618 = AXIS2_PLACEMENT_3D('',#1619,#1620,#1621);
#1619 = CARTESIAN_POINT('',(-58.25169974766,19.927747541885,0.));
#1620 = DIRECTION('',(-0.,-0.,-1.));
#1621 = DIRECTION('',(1.,0.,0.));
#1622 = ADVANCED_FACE('',(#1623),#1648,.T.);
#1623 = FACE_BOUND('',#1624,.T.);
#1624 = EDGE_LOOP('',(#1625,#1626,#1634,#1642));
#1625 = ORIENTED_EDGE('',*,*,#1603,.T.);
#1626 = ORIENTED_EDGE('',*,*,#1627,.T.);
#1627 = EDGE_CURVE('',#1595,#1628,#1630,.T.);
#1628 = VERTEX_POINT('',#1629);
#1629 = CARTESIAN_POINT('',(-56.25169974766,20.927747541885,1.6));
#1630 = LINE('',#1631,#1632);
#1631 = CARTESIAN_POINT('',(-56.25169974766,19.927747541885,1.6));
#1632 = VECTOR('',#1633,1.);
#1633 = DIRECTION('',(0.,1.,0.));
#1634 = ORIENTED_EDGE('',*,*,#1635,.F.);
#1635 = EDGE_CURVE('',#1636,#1628,#1638,.T.);
#1636 = VERTEX_POINT('',#1637);
#1637 = CARTESIAN_POINT('',(-56.25169974766,20.927747541885,0.));
#1638 = LINE('',#1639,#1640);
#1639 = CARTESIAN_POINT('',(-56.25169974766,20.927747541885,0.));
#1640 = VECTOR('',#1641,1.);
#1641 = DIRECTION('',(0.,0.,1.));
#1642 = ORIENTED_EDGE('',*,*,#1643,.F.);
#1643 = EDGE_CURVE('',#1604,#1636,#1644,.T.);
#1644 = LINE('',#1645,#1646);
#1645 = CARTESIAN_POINT('',(-56.25169974766,19.927747541885,0.));
#1646 = VECTOR('',#1647,1.);
#1647 = DIRECTION('',(0.,1.,0.));
#1648 = PLANE('',#1649);
#1649 = AXIS2_PLACEMENT_3D('',#1650,#1651,#1652);
#1650 = CARTESIAN_POINT('',(-56.25169974766,19.927747541885,0.));
#1651 = DIRECTION('',(-1.,0.,0.));
#1652 = DIRECTION('',(0.,1.,0.));
#1653 = ADVANCED_FACE('',(#1654),#1681,.F.);
#1654 = FACE_BOUND('',#1655,.T.);
#1655 = EDGE_LOOP('',(#1656,#1657,#1666,#1674));
#1656 = ORIENTED_EDGE('',*,*,#1635,.T.);
#1657 = ORIENTED_EDGE('',*,*,#1658,.T.);
#1658 = EDGE_CURVE('',#1628,#1659,#1661,.T.);
#1659 = VERTEX_POINT('',#1660);
#1660 = CARTESIAN_POINT('',(-56.43908417359,21.772984065366,1.6));
#1661 = CIRCLE('',#1662,2.);
#1662 = AXIS2_PLACEMENT_3D('',#1663,#1664,#1665);
#1663 = CARTESIAN_POINT('',(-58.25169974766,20.927747541885,1.6));
#1664 = DIRECTION('',(0.,0.,1.));
#1665 = DIRECTION('',(1.,0.,0.));
#1666 = ORIENTED_EDGE('',*,*,#1667,.F.);
#1667 = EDGE_CURVE('',#1668,#1659,#1670,.T.);
#1668 = VERTEX_POINT('',#1669);
#1669 = CARTESIAN_POINT('',(-56.43908417359,21.772984065366,0.));
#1670 = LINE('',#1671,#1672);
#1671 = CARTESIAN_POINT('',(-56.43908417359,21.772984065366,0.));
#1672 = VECTOR('',#1673,1.);
#1673 = DIRECTION('',(0.,0.,1.));
#1674 = ORIENTED_EDGE('',*,*,#1675,.F.);
#1675 = EDGE_CURVE('',#1636,#1668,#1676,.T.);
#1676 = CIRCLE('',#1677,2.);
#1677 = AXIS2_PLACEMENT_3D('',#1678,#1679,#1680);
#1678 = CARTESIAN_POINT('',(-58.25169974766,20.927747541885,0.));
#1679 = DIRECTION('',(0.,0.,1.));
#1680 = DIRECTION('',(1.,0.,0.));
#1681 = CYLINDRICAL_SURFACE('',#1682,2.);
#1682 = AXIS2_PLACEMENT_3D('',#1683,#1684,#1685);
#1683 = CARTESIAN_POINT('',(-58.25169974766,20.927747541885,0.));
#1684 = DIRECTION('',(-0.,-0.,-1.));
#1685 = DIRECTION('',(1.,0.,0.));
#1686 = ADVANCED_FACE('',(#1687),#1712,.F.);
#1687 = FACE_BOUND('',#1688,.F.);
#1688 = EDGE_LOOP('',(#1689,#1699,#1705,#1706));
#1689 = ORIENTED_EDGE('',*,*,#1690,.T.);
#1690 = EDGE_CURVE('',#1691,#1693,#1695,.T.);
#1691 = VERTEX_POINT('',#1692);
#1692 = CARTESIAN_POINT('',(-56.90539183175,22.772984065366,0.));
#1693 = VERTEX_POINT('',#1694);
#1694 = CARTESIAN_POINT('',(-56.90539183175,22.772984065366,1.6));
#1695 = LINE('',#1696,#1697);
#1696 = CARTESIAN_POINT('',(-56.90539183175,22.772984065366,0.));
#1697 = VECTOR('',#1698,1.);
#1698 = DIRECTION('',(0.,0.,1.));
#1699 = ORIENTED_EDGE('',*,*,#1700,.T.);
#1700 = EDGE_CURVE('',#1693,#1659,#1701,.T.);
#1701 = LINE('',#1702,#1703);
#1702 = CARTESIAN_POINT('',(-56.90539183175,22.772984065366,1.6));
#1703 = VECTOR('',#1704,1.);
#1704 = DIRECTION('',(0.422618261741,-0.906307787037,0.));
#1705 = ORIENTED_EDGE('',*,*,#1667,.F.);
#1706 = ORIENTED_EDGE('',*,*,#1707,.F.);
#1707 = EDGE_CURVE('',#1691,#1668,#1708,.T.);
#1708 = LINE('',#1709,#1710);
#1709 = CARTESIAN_POINT('',(-56.90539183175,22.772984065366,0.));
#1710 = VECTOR('',#1711,1.);
#1711 = DIRECTION('',(0.422618261741,-0.906307787037,0.));
#1712 = PLANE('',#1713);
#1713 = AXIS2_PLACEMENT_3D('',#1714,#1715,#1716);
#1714 = CARTESIAN_POINT('',(-56.90539183175,22.772984065366,0.));
#1715 = DIRECTION('',(0.906307787037,0.422618261741,0.));
#1716 = DIRECTION('',(0.422618261741,-0.906307787037,0.));
#1717 = ADVANCED_FACE('',(#1718),#1745,.T.);
#1718 = FACE_BOUND('',#1719,.F.);
#1719 = EDGE_LOOP('',(#1720,#1730,#1737,#1738));
#1720 = ORIENTED_EDGE('',*,*,#1721,.T.);
#1721 = EDGE_CURVE('',#1722,#1724,#1726,.T.);
#1722 = VERTEX_POINT('',#1723);
#1723 = CARTESIAN_POINT('',(-51.92069900304,25.097384504941,0.));
#1724 = VERTEX_POINT('',#1725);
#1725 = CARTESIAN_POINT('',(-51.92069900304,25.097384504941,1.6));
#1726 = LINE('',#1727,#1728);
#1727 = CARTESIAN_POINT('',(-51.92069900304,25.097384504941,0.));
#1728 = VECTOR('',#1729,1.);
#1729 = DIRECTION('',(0.,0.,1.));
#1730 = ORIENTED_EDGE('',*,*,#1731,.T.);
#1731 = EDGE_CURVE('',#1724,#1693,#1732,.T.);
#1732 = CIRCLE('',#1733,2.806287770875);
#1733 = AXIS2_PLACEMENT_3D('',#1734,#1735,#1736);
#1734 = CARTESIAN_POINT('',(-54.17669974766,23.428339360784,1.6));
#1735 = DIRECTION('',(0.,0.,1.));
#1736 = DIRECTION('',(1.,0.,0.));
#1737 = ORIENTED_EDGE('',*,*,#1690,.F.);
#1738 = ORIENTED_EDGE('',*,*,#1739,.F.);
#1739 = EDGE_CURVE('',#1722,#1691,#1740,.T.);
#1740 = CIRCLE('',#1741,2.806287770875);
#1741 = AXIS2_PLACEMENT_3D('',#1742,#1743,#1744);
#1742 = CARTESIAN_POINT('',(-54.17669974766,23.428339360784,0.));
#1743 = DIRECTION('',(0.,0.,1.));
#1744 = DIRECTION('',(1.,0.,0.));
#1745 = CYLINDRICAL_SURFACE('',#1746,2.806287770875);
#1746 = AXIS2_PLACEMENT_3D('',#1747,#1748,#1749);
#1747 = CARTESIAN_POINT('',(-54.17669974766,23.428339360784,0.));
#1748 = DIRECTION('',(-0.,-0.,-1.));
#1749 = DIRECTION('',(1.,0.,0.));
#1750 = ADVANCED_FACE('',(#1751),#1776,.T.);
#1751 = FACE_BOUND('',#1752,.T.);
#1752 = EDGE_LOOP('',(#1753,#1754,#1762,#1770));
#1753 = ORIENTED_EDGE('',*,*,#1721,.T.);
#1754 = ORIENTED_EDGE('',*,*,#1755,.T.);
#1755 = EDGE_CURVE('',#1724,#1756,#1758,.T.);
#1756 = VERTEX_POINT('',#1757);
#1757 = CARTESIAN_POINT('',(-50.67648343856,22.429155616311,1.6));
#1758 = LINE('',#1759,#1760);
#1759 = CARTESIAN_POINT('',(-51.92069900304,25.097384504941,1.6));
#1760 = VECTOR('',#1761,1.);
#1761 = DIRECTION('',(0.422618261741,-0.906307787037,0.));
#1762 = ORIENTED_EDGE('',*,*,#1763,.F.);
#1763 = EDGE_CURVE('',#1764,#1756,#1766,.T.);
#1764 = VERTEX_POINT('',#1765);
#1765 = CARTESIAN_POINT('',(-50.67648343856,22.429155616311,0.));
#1766 = LINE('',#1767,#1768);
#1767 = CARTESIAN_POINT('',(-50.67648343856,22.429155616311,0.));
#1768 = VECTOR('',#1769,1.);
#1769 = DIRECTION('',(0.,0.,1.));
#1770 = ORIENTED_EDGE('',*,*,#1771,.F.);
#1771 = EDGE_CURVE('',#1722,#1764,#1772,.T.);
#1772 = LINE('',#1773,#1774);
#1773 = CARTESIAN_POINT('',(-51.92069900304,25.097384504941,0.));
#1774 = VECTOR('',#1775,1.);
#1775 = DIRECTION('',(0.422618261741,-0.906307787037,0.));
#1776 = PLANE('',#1777);
#1777 = AXIS2_PLACEMENT_3D('',#1778,#1779,#1780);
#1778 = CARTESIAN_POINT('',(-51.92069900304,25.097384504941,0.));
#1779 = DIRECTION('',(0.906307787037,0.422618261741,0.));
#1780 = DIRECTION('',(0.422618261741,-0.906307787037,0.));
#1781 = ADVANCED_FACE('',(#1782),#1809,.F.);
#1782 = FACE_BOUND('',#1783,.T.);
#1783 = EDGE_LOOP('',(#1784,#1785,#1794,#1802));
#1784 = ORIENTED_EDGE('',*,*,#1763,.T.);
#1785 = ORIENTED_EDGE('',*,*,#1786,.T.);
#1786 = EDGE_CURVE('',#1756,#1787,#1789,.T.);
#1787 = VERTEX_POINT('',#1788);
#1788 = CARTESIAN_POINT('',(-50.40169974766,22.254099098682,1.6));
#1789 = CIRCLE('',#1790,0.303190257032);
#1790 = AXIS2_PLACEMENT_3D('',#1791,#1792,#1793);
#1791 = CARTESIAN_POINT('',(-50.40169974766,22.557289355714,1.6));
#1792 = DIRECTION('',(0.,0.,1.));
#1793 = DIRECTION('',(1.,0.,0.));
#1794 = ORIENTED_EDGE('',*,*,#1795,.F.);
#1795 = EDGE_CURVE('',#1796,#1787,#1798,.T.);
#1796 = VERTEX_POINT('',#1797);
#1797 = CARTESIAN_POINT('',(-50.40169974766,22.254099098682,0.));
#1798 = LINE('',#1799,#1800);
#1799 = CARTESIAN_POINT('',(-50.40169974766,22.254099098682,0.));
#1800 = VECTOR('',#1801,1.);
#1801 = DIRECTION('',(0.,0.,1.));
#1802 = ORIENTED_EDGE('',*,*,#1803,.F.);
#1803 = EDGE_CURVE('',#1764,#1796,#1804,.T.);
#1804 = CIRCLE('',#1805,0.303190257032);
#1805 = AXIS2_PLACEMENT_3D('',#1806,#1807,#1808);
#1806 = CARTESIAN_POINT('',(-50.40169974766,22.557289355714,0.));
#1807 = DIRECTION('',(0.,0.,1.));
#1808 = DIRECTION('',(1.,0.,0.));
#1809 = CYLINDRICAL_SURFACE('',#1810,0.303190257032);
#1810 = AXIS2_PLACEMENT_3D('',#1811,#1812,#1813);
#1811 = CARTESIAN_POINT('',(-50.40169974766,22.557289355714,0.));
#1812 = DIRECTION('',(-0.,-0.,-1.));
#1813 = DIRECTION('',(1.,0.,0.));
#1814 = ADVANCED_FACE('',(#1815),#1840,.F.);
#1815 = FACE_BOUND('',#1816,.F.);
#1816 = EDGE_LOOP('',(#1817,#1827,#1833,#1834));
#1817 = ORIENTED_EDGE('',*,*,#1818,.T.);
#1818 = EDGE_CURVE('',#1819,#1821,#1823,.T.);
#1819 = VERTEX_POINT('',#1820);
#1820 = CARTESIAN_POINT('',(-45.01263336108,22.254099098682,0.));
#1821 = VERTEX_POINT('',#1822);
#1822 = CARTESIAN_POINT('',(-45.01263336108,22.254099098682,1.6));
#1823 = LINE('',#1824,#1825);
#1824 = CARTESIAN_POINT('',(-45.01263336108,22.254099098682,0.));
#1825 = VECTOR('',#1826,1.);
#1826 = DIRECTION('',(0.,0.,1.));
#1827 = ORIENTED_EDGE('',*,*,#1828,.T.);
#1828 = EDGE_CURVE('',#1821,#1787,#1829,.T.);
#1829 = LINE('',#1830,#1831);
#1830 = CARTESIAN_POINT('',(-45.01263336108,22.254099098682,1.6));
#1831 = VECTOR('',#1832,1.);
#1832 = DIRECTION('',(-1.,0.,0.));
#1833 = ORIENTED_EDGE('',*,*,#1795,.F.);
#1834 = ORIENTED_EDGE('',*,*,#1835,.F.);
#1835 = EDGE_CURVE('',#1819,#1796,#1836,.T.);
#1836 = LINE('',#1837,#1838);
#1837 = CARTESIAN_POINT('',(-45.01263336108,22.254099098682,0.));
#1838 = VECTOR('',#1839,1.);
#1839 = DIRECTION('',(-1.,0.,0.));
#1840 = PLANE('',#1841);
#1841 = AXIS2_PLACEMENT_3D('',#1842,#1843,#1844);
#1842 = CARTESIAN_POINT('',(-45.01263336108,22.254099098682,0.));
#1843 = DIRECTION('',(0.,-1.,0.));
#1844 = DIRECTION('',(-1.,0.,0.));
#1845 = ADVANCED_FACE('',(#1846),#1873,.F.);
#1846 = FACE_BOUND('',#1847,.T.);
#1847 = EDGE_LOOP('',(#1848,#1849,#1858,#1866));
#1848 = ORIENTED_EDGE('',*,*,#1818,.T.);
#1849 = ORIENTED_EDGE('',*,*,#1850,.T.);
#1850 = EDGE_CURVE('',#1821,#1851,#1853,.T.);
#1851 = VERTEX_POINT('',#1852);
#1852 = CARTESIAN_POINT('',(-43.40169974766,23.068817320718,1.6));
#1853 = CIRCLE('',#1854,2.);
#1854 = AXIS2_PLACEMENT_3D('',#1855,#1856,#1857);
#1855 = CARTESIAN_POINT('',(-45.01263336108,24.254099098682,1.6));
#1856 = DIRECTION('',(0.,0.,1.));
#1857 = DIRECTION('',(1.,0.,0.));
#1858 = ORIENTED_EDGE('',*,*,#1859,.F.);
#1859 = EDGE_CURVE('',#1860,#1851,#1862,.T.);
#1860 = VERTEX_POINT('',#1861);
#1861 = CARTESIAN_POINT('',(-43.40169974766,23.068817320718,0.));
#1862 = LINE('',#1863,#1864);
#1863 = CARTESIAN_POINT('',(-43.40169974766,23.068817320718,0.));
#1864 = VECTOR('',#1865,1.);
#1865 = DIRECTION('',(0.,0.,1.));
#1866 = ORIENTED_EDGE('',*,*,#1867,.F.);
#1867 = EDGE_CURVE('',#1819,#1860,#1868,.T.);
#1868 = CIRCLE('',#1869,2.);
#1869 = AXIS2_PLACEMENT_3D('',#1870,#1871,#1872);
#1870 = CARTESIAN_POINT('',(-45.01263336108,24.254099098682,0.));
#1871 = DIRECTION('',(0.,0.,1.));
#1872 = DIRECTION('',(1.,0.,0.));
#1873 = CYLINDRICAL_SURFACE('',#1874,2.);
#1874 = AXIS2_PLACEMENT_3D('',#1875,#1876,#1877);
#1875 = CARTESIAN_POINT('',(-45.01263336108,24.254099098682,0.));
#1876 = DIRECTION('',(-0.,-0.,-1.));
#1877 = DIRECTION('',(1.,0.,0.));
#1878 = ADVANCED_FACE('',(#1879),#1904,.F.);
#1879 = FACE_BOUND('',#1880,.F.);
#1880 = EDGE_LOOP('',(#1881,#1891,#1897,#1898));
#1881 = ORIENTED_EDGE('',*,*,#1882,.T.);
#1882 = EDGE_CURVE('',#1883,#1885,#1887,.T.);
#1883 = VERTEX_POINT('',#1884);
#1884 = CARTESIAN_POINT('',(-43.03499447428,23.567211763363,0.));
#1885 = VERTEX_POINT('',#1886);
#1886 = CARTESIAN_POINT('',(-43.03499447428,23.567211763363,1.6));
#1887 = LINE('',#1888,#1889);
#1888 = CARTESIAN_POINT('',(-43.03499447428,23.567211763363,0.));
#1889 = VECTOR('',#1890,1.);
#1890 = DIRECTION('',(0.,0.,1.));
#1891 = ORIENTED_EDGE('',*,*,#1892,.T.);
#1892 = EDGE_CURVE('',#1885,#1851,#1893,.T.);
#1893 = LINE('',#1894,#1895);
#1894 = CARTESIAN_POINT('',(-43.03499447428,23.567211763363,1.6));
#1895 = VECTOR('',#1896,1.);
#1896 = DIRECTION('',(-0.592640888982,-0.805466806707,0.));
#1897 = ORIENTED_EDGE('',*,*,#1859,.F.);
#1898 = ORIENTED_EDGE('',*,*,#1899,.F.);
#1899 = EDGE_CURVE('',#1883,#1860,#1900,.T.);
#1900 = LINE('',#1901,#1902);
#1901 = CARTESIAN_POINT('',(-43.03499447428,23.567211763363,0.));
#1902 = VECTOR('',#1903,1.);
#1903 = DIRECTION('',(-0.592640888982,-0.805466806707,0.));
#1904 = PLANE('',#1905);
#1905 = AXIS2_PLACEMENT_3D('',#1906,#1907,#1908);
#1906 = CARTESIAN_POINT('',(-43.03499447428,23.567211763363,0.));
#1907 = DIRECTION('',(0.805466806707,-0.592640888982,0.));
#1908 = DIRECTION('',(-0.592640888982,-0.805466806707,0.));
#1909 = ADVANCED_FACE('',(#1910),#1937,.T.);
#1910 = FACE_BOUND('',#1911,.F.);
#1911 = EDGE_LOOP('',(#1912,#1922,#1929,#1930));
#1912 = ORIENTED_EDGE('',*,*,#1913,.T.);
#1913 = EDGE_CURVE('',#1914,#1916,#1918,.T.);
#1914 = VERTEX_POINT('',#1915);
#1915 = CARTESIAN_POINT('',(-41.42406086087,24.381929985398,0.));
#1916 = VERTEX_POINT('',#1917);
#1917 = CARTESIAN_POINT('',(-41.42406086087,24.381929985398,1.6));
#1918 = LINE('',#1919,#1920);
#1919 = CARTESIAN_POINT('',(-41.42406086087,24.381929985398,0.));
#1920 = VECTOR('',#1921,1.);
#1921 = DIRECTION('',(0.,0.,1.));
#1922 = ORIENTED_EDGE('',*,*,#1923,.T.);
#1923 = EDGE_CURVE('',#1916,#1885,#1924,.T.);
#1924 = CIRCLE('',#1925,2.);
#1925 = AXIS2_PLACEMENT_3D('',#1926,#1927,#1928);
#1926 = CARTESIAN_POINT('',(-41.42406086087,22.381929985398,1.6));
#1927 = DIRECTION('',(0.,0.,1.));
#1928 = DIRECTION('',(1.,0.,0.));
#1929 = ORIENTED_EDGE('',*,*,#1882,.F.);
#1930 = ORIENTED_EDGE('',*,*,#1931,.F.);
#1931 = EDGE_CURVE('',#1914,#1883,#1932,.T.);
#1932 = CIRCLE('',#1933,2.);
#1933 = AXIS2_PLACEMENT_3D('',#1934,#1935,#1936);
#1934 = CARTESIAN_POINT('',(-41.42406086087,22.381929985398,0.));
#1935 = DIRECTION('',(0.,0.,1.));
#1936 = DIRECTION('',(1.,0.,0.));
#1937 = CYLINDRICAL_SURFACE('',#1938,2.);
#1938 = AXIS2_PLACEMENT_3D('',#1939,#1940,#1941);
#1939 = CARTESIAN_POINT('',(-41.42406086087,22.381929985398,0.));
#1940 = DIRECTION('',(-0.,-0.,-1.));
#1941 = DIRECTION('',(1.,0.,0.));
#1942 = ADVANCED_FACE('',(#1943),#1968,.F.);
#1943 = FACE_BOUND('',#1944,.F.);
#1944 = EDGE_LOOP('',(#1945,#1955,#1961,#1962));
#1945 = ORIENTED_EDGE('',*,*,#1946,.T.);
#1946 = EDGE_CURVE('',#1947,#1949,#1951,.T.);
#1947 = VERTEX_POINT('',#1948);
#1948 = CARTESIAN_POINT('',(-30.40169974766,24.381929985398,0.));
#1949 = VERTEX_POINT('',#1950);
#1950 = CARTESIAN_POINT('',(-30.40169974766,24.381929985398,1.6));
#1951 = LINE('',#1952,#1953);
#1952 = CARTESIAN_POINT('',(-30.40169974766,24.381929985398,0.));
#1953 = VECTOR('',#1954,1.);
#1954 = DIRECTION('',(0.,0.,1.));
#1955 = ORIENTED_EDGE('',*,*,#1956,.T.);
#1956 = EDGE_CURVE('',#1949,#1916,#1957,.T.);
#1957 = LINE('',#1958,#1959);
#1958 = CARTESIAN_POINT('',(-30.40169974766,24.381929985398,1.6));
#1959 = VECTOR('',#1960,1.);
#1960 = DIRECTION('',(-1.,0.,0.));
#1961 = ORIENTED_EDGE('',*,*,#1913,.F.);
#1962 = ORIENTED_EDGE('',*,*,#1963,.F.);
#1963 = EDGE_CURVE('',#1947,#1914,#1964,.T.);
#1964 = LINE('',#1965,#1966);
#1965 = CARTESIAN_POINT('',(-30.40169974766,24.381929985398,0.));
#1966 = VECTOR('',#1967,1.);
#1967 = DIRECTION('',(-1.,0.,0.));
#1968 = PLANE('',#1969);
#1969 = AXIS2_PLACEMENT_3D('',#1970,#1971,#1972);
#1970 = CARTESIAN_POINT('',(-30.40169974766,24.381929985398,0.));
#1971 = DIRECTION('',(0.,-1.,0.));
#1972 = DIRECTION('',(-1.,0.,0.));
#1973 = ADVANCED_FACE('',(#1974),#1992,.T.);
#1974 = FACE_BOUND('',#1975,.F.);
#1975 = EDGE_LOOP('',(#1976,#1977,#1984,#1985));
#1976 = ORIENTED_EDGE('',*,*,#21,.T.);
#1977 = ORIENTED_EDGE('',*,*,#1978,.T.);
#1978 = EDGE_CURVE('',#24,#1949,#1979,.T.);
#1979 = CIRCLE('',#1980,2.);
#1980 = AXIS2_PLACEMENT_3D('',#1981,#1982,#1983);
#1981 = CARTESIAN_POINT('',(-30.40169974766,22.381929985398,1.6));
#1982 = DIRECTION('',(0.,0.,1.));
#1983 = DIRECTION('',(1.,0.,0.));
#1984 = ORIENTED_EDGE('',*,*,#1946,.F.);
#1985 = ORIENTED_EDGE('',*,*,#1986,.F.);
#1986 = EDGE_CURVE('',#22,#1947,#1987,.T.);
#1987 = CIRCLE('',#1988,2.);
#1988 = AXIS2_PLACEMENT_3D('',#1989,#1990,#1991);
#1989 = CARTESIAN_POINT('',(-30.40169974766,22.381929985398,0.));
#1990 = DIRECTION('',(0.,0.,1.));
#1991 = DIRECTION('',(1.,0.,0.));
#1992 = CYLINDRICAL_SURFACE('',#1993,2.);
#1993 = AXIS2_PLACEMENT_3D('',#1994,#1995,#1996);
#1994 = CARTESIAN_POINT('',(-30.40169974766,22.381929985398,0.));
#1995 = DIRECTION('',(-0.,-0.,-1.));
#1996 = DIRECTION('',(1.,0.,0.));
#1997 = ADVANCED_FACE('',(#1998),#2025,.F.);
#1998 = FACE_BOUND('',#1999,.T.);
#1999 = EDGE_LOOP('',(#2000,#2010,#2017,#2018));
#2000 = ORIENTED_EDGE('',*,*,#2001,.T.);
#2001 = EDGE_CURVE('',#2002,#2004,#2006,.T.);
#2002 = VERTEX_POINT('',#2003);
#2003 = CARTESIAN_POINT('',(-52.85169974766,23.428339360784,0.));
#2004 = VERTEX_POINT('',#2005);
#2005 = CARTESIAN_POINT('',(-52.85169974766,23.428339360784,1.6));
#2006 = LINE('',#2007,#2008);
#2007 = CARTESIAN_POINT('',(-52.85169974766,23.428339360784,0.));
#2008 = VECTOR('',#2009,1.);
#2009 = DIRECTION('',(0.,0.,1.));
#2010 = ORIENTED_EDGE('',*,*,#2011,.T.);
#2011 = EDGE_CURVE('',#2004,#2004,#2012,.T.);
#2012 = CIRCLE('',#2013,1.325);
#2013 = AXIS2_PLACEMENT_3D('',#2014,#2015,#2016);
#2014 = CARTESIAN_POINT('',(-54.17669974766,23.428339360784,1.6));
#2015 = DIRECTION('',(0.,0.,1.));
#2016 = DIRECTION('',(1.,0.,0.));
#2017 = ORIENTED_EDGE('',*,*,#2001,.F.);
#2018 = ORIENTED_EDGE('',*,*,#2019,.F.);
#2019 = EDGE_CURVE('',#2002,#2002,#2020,.T.);
#2020 = CIRCLE('',#2021,1.325);
#2021 = AXIS2_PLACEMENT_3D('',#2022,#2023,#2024);
#2022 = CARTESIAN_POINT('',(-54.17669974766,23.428339360784,0.));
#2023 = DIRECTION('',(0.,0.,1.));
#2024 = DIRECTION('',(1.,0.,0.));
#2025 = CYLINDRICAL_SURFACE('',#2026,1.325);
#2026 = AXIS2_PLACEMENT_3D('',#2027,#2028,#2029);
#2027 = CARTESIAN_POINT('',(-54.17669974766,23.428339360784,0.));
#2028 = DIRECTION('',(-0.,-0.,-1.));
#2029 = DIRECTION('',(1.,0.,0.));
#2030 = ADVANCED_FACE('',(#2031),#2058,.F.);
#2031 = FACE_BOUND('',#2032,.T.);
#2032 = EDGE_LOOP('',(#2033,#2043,#2050,#2051));
#2033 = ORIENTED_EDGE('',*,*,#2034,.T.);
#2034 = EDGE_CURVE('',#2035,#2037,#2039,.T.);
#2035 = VERTEX_POINT('',#2036);
#2036 = CARTESIAN_POINT('',(57.148300241828,23.429859487221,0.));
#2037 = VERTEX_POINT('',#2038);
#2038 = CARTESIAN_POINT('',(57.148300241828,23.429859487221,1.6));
#2039 = LINE('',#2040,#2041);
#2040 = CARTESIAN_POINT('',(57.148300241828,23.429859487221,0.));
#2041 = VECTOR('',#2042,1.);
#2042 = DIRECTION('',(0.,0.,1.));
#2043 = ORIENTED_EDGE('',*,*,#2044,.T.);
#2044 = EDGE_CURVE('',#2037,#2037,#2045,.T.);
#2045 = CIRCLE('',#2046,1.325);
#2046 = AXIS2_PLACEMENT_3D('',#2047,#2048,#2049);
#2047 = CARTESIAN_POINT('',(55.823300241828,23.429859487221,1.6));
#2048 = DIRECTION('',(0.,0.,1.));
#2049 = DIRECTION('',(1.,0.,0.));
#2050 = ORIENTED_EDGE('',*,*,#2034,.F.);
#2051 = ORIENTED_EDGE('',*,*,#2052,.F.);
#2052 = EDGE_CURVE('',#2035,#2035,#2053,.T.);
#2053 = CIRCLE('',#2054,1.325);
#2054 = AXIS2_PLACEMENT_3D('',#2055,#2056,#2057);
#2055 = CARTESIAN_POINT('',(55.823300241828,23.429859487221,0.));
#2056 = DIRECTION('',(0.,0.,1.));
#2057 = DIRECTION('',(1.,0.,0.));
#2058 = CYLINDRICAL_SURFACE('',#2059,1.325);
#2059 = AXIS2_PLACEMENT_3D('',#2060,#2061,#2062);
#2060 = CARTESIAN_POINT('',(55.823300241828,23.429859487221,0.));
#2061 = DIRECTION('',(-0.,-0.,-1.));
#2062 = DIRECTION('',(1.,0.,0.));
#2063 = ADVANCED_FACE('',(#2064),#2091,.F.);
#2064 = FACE_BOUND('',#2065,.T.);
#2065 = EDGE_LOOP('',(#2066,#2076,#2083,#2084));
#2066 = ORIENTED_EDGE('',*,*,#2067,.T.);
#2067 = EDGE_CURVE('',#2068,#2070,#2072,.T.);
#2068 = VERTEX_POINT('',#2069);
#2069 = CARTESIAN_POINT('',(-52.86550096622,-8.271113789291,0.));
#2070 = VERTEX_POINT('',#2071);
#2071 = CARTESIAN_POINT('',(-52.86550096622,-8.271113789291,1.6));
#2072 = LINE('',#2073,#2074);
#2073 = CARTESIAN_POINT('',(-52.86550096622,-8.271113789291,0.));
#2074 = VECTOR('',#2075,1.);
#2075 = DIRECTION('',(0.,0.,1.));
#2076 = ORIENTED_EDGE('',*,*,#2077,.T.);
#2077 = EDGE_CURVE('',#2070,#2070,#2078,.T.);
#2078 = CIRCLE('',#2079,1.125);
#2079 = AXIS2_PLACEMENT_3D('',#2080,#2081,#2082);
#2080 = CARTESIAN_POINT('',(-53.99050096622,-8.271113789291,1.6));
#2081 = DIRECTION('',(0.,0.,1.));
#2082 = DIRECTION('',(1.,0.,0.));
#2083 = ORIENTED_EDGE('',*,*,#2067,.F.);
#2084 = ORIENTED_EDGE('',*,*,#2085,.F.);
#2085 = EDGE_CURVE('',#2068,#2068,#2086,.T.);
#2086 = CIRCLE('',#2087,1.125);
#2087 = AXIS2_PLACEMENT_3D('',#2088,#2089,#2090);
#2088 = CARTESIAN_POINT('',(-53.99050096622,-8.271113789291,0.));
#2089 = DIRECTION('',(0.,0.,1.));
#2090 = DIRECTION('',(1.,0.,0.));
#2091 = CYLINDRICAL_SURFACE('',#2092,1.125);
#2092 = AXIS2_PLACEMENT_3D('',#2093,#2094,#2095);
#2093 = CARTESIAN_POINT('',(-53.99050096622,-8.271113789291,0.));
#2094 = DIRECTION('',(-0.,-0.,-1.));
#2095 = DIRECTION('',(1.,0.,0.));
#2096 = ADVANCED_FACE('',(#2097),#2124,.F.);
#2097 = FACE_BOUND('',#2098,.T.);
#2098 = EDGE_LOOP('',(#2099,#2109,#2116,#2117));
#2099 = ORIENTED_EDGE('',*,*,#2100,.T.);
#2100 = EDGE_CURVE('',#2101,#2103,#2105,.T.);
#2101 = VERTEX_POINT('',#2102);
#2102 = CARTESIAN_POINT('',(-45.19867047898,-10.88448522865,0.));
#2103 = VERTEX_POINT('',#2104);
#2104 = CARTESIAN_POINT('',(-45.19867047898,-10.88448522865,1.6));
#2105 = LINE('',#2106,#2107);
#2106 = CARTESIAN_POINT('',(-45.19867047898,-10.88448522865,0.));
#2107 = VECTOR('',#2108,1.);
#2108 = DIRECTION('',(0.,0.,1.));
#2109 = ORIENTED_EDGE('',*,*,#2110,.T.);
#2110 = EDGE_CURVE('',#2103,#2103,#2111,.T.);
#2111 = CIRCLE('',#2112,1.125);
#2112 = AXIS2_PLACEMENT_3D('',#2113,#2114,#2115);
#2113 = CARTESIAN_POINT('',(-46.32367047898,-10.88448522865,1.6));
#2114 = DIRECTION('',(0.,0.,1.));
#2115 = DIRECTION('',(1.,0.,0.));
#2116 = ORIENTED_EDGE('',*,*,#2100,.F.);
#2117 = ORIENTED_EDGE('',*,*,#2118,.F.);
#2118 = EDGE_CURVE('',#2101,#2101,#2119,.T.);
#2119 = CIRCLE('',#2120,1.125);
#2120 = AXIS2_PLACEMENT_3D('',#2121,#2122,#2123);
#2121 = CARTESIAN_POINT('',(-46.32367047898,-10.88448522865,0.));
#2122 = DIRECTION('',(0.,0.,1.));
#2123 = DIRECTION('',(1.,0.,0.));
#2124 = CYLINDRICAL_SURFACE('',#2125,1.125);
#2125 = AXIS2_PLACEMENT_3D('',#2126,#2127,#2128);
#2126 = CARTESIAN_POINT('',(-46.32367047898,-10.88448522865,0.));
#2127 = DIRECTION('',(-0.,-0.,-1.));
#2128 = DIRECTION('',(1.,0.,0.));
#2129 = ADVANCED_FACE('',(#2130),#2157,.F.);
#2130 = FACE_BOUND('',#2131,.T.);
#2131 = EDGE_LOOP('',(#2132,#2142,#2149,#2150));
#2132 = ORIENTED_EDGE('',*,*,#2133,.T.);
#2133 = EDGE_CURVE('',#2134,#2136,#2138,.T.);
#2134 = VERTEX_POINT('',#2135);
#2135 = CARTESIAN_POINT('',(49.140590233504,-10.8420264315,0.));
#2136 = VERTEX_POINT('',#2137);
#2137 = CARTESIAN_POINT('',(49.140590233504,-10.8420264315,1.6));
#2138 = LINE('',#2139,#2140);
#2139 = CARTESIAN_POINT('',(49.140590233504,-10.8420264315,0.));
#2140 = VECTOR('',#2141,1.);
#2141 = DIRECTION('',(0.,0.,1.));
#2142 = ORIENTED_EDGE('',*,*,#2143,.T.);
#2143 = EDGE_CURVE('',#2136,#2136,#2144,.T.);
#2144 = CIRCLE('',#2145,1.125);
#2145 = AXIS2_PLACEMENT_3D('',#2146,#2147,#2148);
#2146 = CARTESIAN_POINT('',(48.015590233504,-10.8420264315,1.6));
#2147 = DIRECTION('',(0.,0.,1.));
#2148 = DIRECTION('',(1.,0.,0.));
#2149 = ORIENTED_EDGE('',*,*,#2133,.F.);
#2150 = ORIENTED_EDGE('',*,*,#2151,.F.);
#2151 = EDGE_CURVE('',#2134,#2134,#2152,.T.);
#2152 = CIRCLE('',#2153,1.125);
#2153 = AXIS2_PLACEMENT_3D('',#2154,#2155,#2156);
#2154 = CARTESIAN_POINT('',(48.015590233504,-10.8420264315,0.));
#2155 = DIRECTION('',(0.,0.,1.));
#2156 = DIRECTION('',(1.,0.,0.));
#2157 = CYLINDRICAL_SURFACE('',#2158,1.125);
#2158 = AXIS2_PLACEMENT_3D('',#2159,#2160,#2161);
#2159 = CARTESIAN_POINT('',(48.015590233504,-10.8420264315,0.));
#2160 = DIRECTION('',(-0.,-0.,-1.));
#2161 = DIRECTION('',(1.,0.,0.));
#2162 = ADVANCED_FACE('',(#2163),#2190,.F.);
#2163 = FACE_BOUND('',#2164,.T.);
#2164 = EDGE_LOOP('',(#2165,#2175,#2182,#2183));
#2165 = ORIENTED_EDGE('',*,*,#2166,.T.);
#2166 = EDGE_CURVE('',#2167,#2169,#2171,.T.);
#2167 = VERTEX_POINT('',#2168);
#2168 = CARTESIAN_POINT('',(56.837935483134,-8.319948695192,0.));
#2169 = VERTEX_POINT('',#2170);
#2170 = CARTESIAN_POINT('',(56.837935483134,-8.319948695192,1.6));
#2171 = LINE('',#2172,#2173);
#2172 = CARTESIAN_POINT('',(56.837935483134,-8.319948695192,0.));
#2173 = VECTOR('',#2174,1.);
#2174 = DIRECTION('',(0.,0.,1.));
#2175 = ORIENTED_EDGE('',*,*,#2176,.T.);
#2176 = EDGE_CURVE('',#2169,#2169,#2177,.T.);
#2177 = CIRCLE('',#2178,1.125);
#2178 = AXIS2_PLACEMENT_3D('',#2179,#2180,#2181);
#2179 = CARTESIAN_POINT('',(55.712935483134,-8.319948695192,1.6));
#2180 = DIRECTION('',(0.,0.,1.));
#2181 = DIRECTION('',(1.,0.,0.));
#2182 = ORIENTED_EDGE('',*,*,#2166,.F.);
#2183 = ORIENTED_EDGE('',*,*,#2184,.F.);
#2184 = EDGE_CURVE('',#2167,#2167,#2185,.T.);
#2185 = CIRCLE('',#2186,1.125);
#2186 = AXIS2_PLACEMENT_3D('',#2187,#2188,#2189);
#2187 = CARTESIAN_POINT('',(55.712935483134,-8.319948695192,0.));
#2188 = DIRECTION('',(0.,0.,1.));
#2189 = DIRECTION('',(1.,0.,0.));
#2190 = CYLINDRICAL_SURFACE('',#2191,1.125);
#2191 = AXIS2_PLACEMENT_3D('',#2192,#2193,#2194);
#2192 = CARTESIAN_POINT('',(55.712935483134,-8.319948695192,0.));
#2193 = DIRECTION('',(-0.,-0.,-1.));
#2194 = DIRECTION('',(1.,0.,0.));
#2195 = ADVANCED_FACE('',(#2196,#2260,#2263,#2266,#2269,#2272,#2275),
  #2278,.F.);
#2196 = FACE_BOUND('',#2197,.T.);
#2197 = EDGE_LOOP('',(#2198,#2199,#2200,#2201,#2202,#2203,#2204,#2205,
    #2206,#2207,#2208,#2209,#2210,#2211,#2212,#2213,#2214,#2215,#2216,
    #2217,#2218,#2219,#2220,#2221,#2222,#2223,#2224,#2225,#2226,#2227,
    #2228,#2229,#2230,#2231,#2232,#2233,#2234,#2235,#2236,#2237,#2238,
    #2239,#2240,#2241,#2242,#2243,#2244,#2245,#2246,#2247,#2248,#2249,
    #2250,#2251,#2252,#2253,#2254,#2255,#2256,#2257,#2258,#2259));
#2198 = ORIENTED_EDGE('',*,*,#47,.T.);
#2199 = ORIENTED_EDGE('',*,*,#79,.T.);
#2200 = ORIENTED_EDGE('',*,*,#111,.T.);
#2201 = ORIENTED_EDGE('',*,*,#142,.T.);
#2202 = ORIENTED_EDGE('',*,*,#174,.T.);
#2203 = ORIENTED_EDGE('',*,*,#206,.T.);
#2204 = ORIENTED_EDGE('',*,*,#238,.T.);
#2205 = ORIENTED_EDGE('',*,*,#270,.T.);
#2206 = ORIENTED_EDGE('',*,*,#301,.T.);
#2207 = ORIENTED_EDGE('',*,*,#332,.T.);
#2208 = ORIENTED_EDGE('',*,*,#364,.T.);
#2209 = ORIENTED_EDGE('',*,*,#396,.T.);
#2210 = ORIENTED_EDGE('',*,*,#428,.T.);
#2211 = ORIENTED_EDGE('',*,*,#460,.T.);
#2212 = ORIENTED_EDGE('',*,*,#491,.T.);
#2213 = ORIENTED_EDGE('',*,*,#523,.T.);
#2214 = ORIENTED_EDGE('',*,*,#555,.T.);
#2215 = ORIENTED_EDGE('',*,*,#587,.F.);
#2216 = ORIENTED_EDGE('',*,*,#619,.T.);
#2217 = ORIENTED_EDGE('',*,*,#651,.F.);
#2218 = ORIENTED_EDGE('',*,*,#683,.T.);
#2219 = ORIENTED_EDGE('',*,*,#715,.T.);
#2220 = ORIENTED_EDGE('',*,*,#747,.T.);
#2221 = ORIENTED_EDGE('',*,*,#779,.T.);
#2222 = ORIENTED_EDGE('',*,*,#811,.T.);
#2223 = ORIENTED_EDGE('',*,*,#843,.F.);
#2224 = ORIENTED_EDGE('',*,*,#875,.F.);
#2225 = ORIENTED_EDGE('',*,*,#907,.T.);
#2226 = ORIENTED_EDGE('',*,*,#939,.F.);
#2227 = ORIENTED_EDGE('',*,*,#971,.F.);
#2228 = ORIENTED_EDGE('',*,*,#1003,.T.);
#2229 = ORIENTED_EDGE('',*,*,#1035,.F.);
#2230 = ORIENTED_EDGE('',*,*,#1067,.T.);
#2231 = ORIENTED_EDGE('',*,*,#1099,.F.);
#2232 = ORIENTED_EDGE('',*,*,#1131,.T.);
#2233 = ORIENTED_EDGE('',*,*,#1163,.T.);
#2234 = ORIENTED_EDGE('',*,*,#1195,.T.);
#2235 = ORIENTED_EDGE('',*,*,#1227,.F.);
#2236 = ORIENTED_EDGE('',*,*,#1259,.T.);
#2237 = ORIENTED_EDGE('',*,*,#1291,.F.);
#2238 = ORIENTED_EDGE('',*,*,#1323,.T.);
#2239 = ORIENTED_EDGE('',*,*,#1355,.T.);
#2240 = ORIENTED_EDGE('',*,*,#1387,.T.);
#2241 = ORIENTED_EDGE('',*,*,#1419,.F.);
#2242 = ORIENTED_EDGE('',*,*,#1451,.T.);
#2243 = ORIENTED_EDGE('',*,*,#1483,.F.);
#2244 = ORIENTED_EDGE('',*,*,#1515,.T.);
#2245 = ORIENTED_EDGE('',*,*,#1547,.F.);
#2246 = ORIENTED_EDGE('',*,*,#1579,.T.);
#2247 = ORIENTED_EDGE('',*,*,#1611,.T.);
#2248 = ORIENTED_EDGE('',*,*,#1643,.T.);
#2249 = ORIENTED_EDGE('',*,*,#1675,.T.);
#2250 = ORIENTED_EDGE('',*,*,#1707,.F.);
#2251 = ORIENTED_EDGE('',*,*,#1739,.F.);
#2252 = ORIENTED_EDGE('',*,*,#1771,.T.);
#2253 = ORIENTED_EDGE('',*,*,#1803,.T.);
#2254 = ORIENTED_EDGE('',*,*,#1835,.F.);
#2255 = ORIENTED_EDGE('',*,*,#1867,.T.);
#2256 = ORIENTED_EDGE('',*,*,#1899,.F.);
#2257 = ORIENTED_EDGE('',*,*,#1931,.F.);
#2258 = ORIENTED_EDGE('',*,*,#1963,.F.);
#2259 = ORIENTED_EDGE('',*,*,#1986,.F.);
#2260 = FACE_BOUND('',#2261,.T.);
#2261 = EDGE_LOOP('',(#2262));
#2262 = ORIENTED_EDGE('',*,*,#2019,.T.);
#2263 = FACE_BOUND('',#2264,.T.);
#2264 = EDGE_LOOP('',(#2265));
#2265 = ORIENTED_EDGE('',*,*,#2052,.T.);
#2266 = FACE_BOUND('',#2267,.T.);
#2267 = EDGE_LOOP('',(#2268));
#2268 = ORIENTED_EDGE('',*,*,#2085,.T.);
#2269 = FACE_BOUND('',#2270,.T.);
#2270 = EDGE_LOOP('',(#2271));
#2271 = ORIENTED_EDGE('',*,*,#2118,.T.);
#2272 = FACE_BOUND('',#2273,.T.);
#2273 = EDGE_LOOP('',(#2274));
#2274 = ORIENTED_EDGE('',*,*,#2151,.T.);
#2275 = FACE_BOUND('',#2276,.T.);
#2276 = EDGE_LOOP('',(#2277));
#2277 = ORIENTED_EDGE('',*,*,#2184,.T.);
#2278 = PLANE('',#2279);
#2279 = AXIS2_PLACEMENT_3D('',#2280,#2281,#2282);
#2280 = CARTESIAN_POINT('',(0.731060805811,0.544053982943,0.));
#2281 = DIRECTION('',(0.,0.,1.));
#2282 = DIRECTION('',(1.,0.,0.));
#2283 = ADVANCED_FACE('',(#2284,#2348,#2351,#2354,#2357,#2360,#2363),
  #2366,.T.);
#2284 = FACE_BOUND('',#2285,.F.);
#2285 = EDGE_LOOP('',(#2286,#2287,#2288,#2289,#2290,#2291,#2292,#2293,
    #2294,#2295,#2296,#2297,#2298,#2299,#2300,#2301,#2302,#2303,#2304,
    #2305,#2306,#2307,#2308,#2309,#2310,#2311,#2312,#2313,#2314,#2315,
    #2316,#2317,#2318,#2319,#2320,#2321,#2322,#2323,#2324,#2325,#2326,
    #2327,#2328,#2329,#2330,#2331,#2332,#2333,#2334,#2335,#2336,#2337,
    #2338,#2339,#2340,#2341,#2342,#2343,#2344,#2345,#2346,#2347));
#2286 = ORIENTED_EDGE('',*,*,#31,.T.);
#2287 = ORIENTED_EDGE('',*,*,#62,.T.);
#2288 = ORIENTED_EDGE('',*,*,#95,.T.);
#2289 = ORIENTED_EDGE('',*,*,#126,.T.);
#2290 = ORIENTED_EDGE('',*,*,#157,.T.);
#2291 = ORIENTED_EDGE('',*,*,#190,.T.);
#2292 = ORIENTED_EDGE('',*,*,#221,.T.);
#2293 = ORIENTED_EDGE('',*,*,#254,.T.);
#2294 = ORIENTED_EDGE('',*,*,#285,.T.);
#2295 = ORIENTED_EDGE('',*,*,#316,.T.);
#2296 = ORIENTED_EDGE('',*,*,#347,.T.);
#2297 = ORIENTED_EDGE('',*,*,#380,.T.);
#2298 = ORIENTED_EDGE('',*,*,#411,.T.);
#2299 = ORIENTED_EDGE('',*,*,#444,.T.);
#2300 = ORIENTED_EDGE('',*,*,#475,.T.);
#2301 = ORIENTED_EDGE('',*,*,#506,.T.);
#2302 = ORIENTED_EDGE('',*,*,#539,.T.);
#2303 = ORIENTED_EDGE('',*,*,#579,.F.);
#2304 = ORIENTED_EDGE('',*,*,#603,.T.);
#2305 = ORIENTED_EDGE('',*,*,#643,.F.);
#2306 = ORIENTED_EDGE('',*,*,#667,.T.);
#2307 = ORIENTED_EDGE('',*,*,#698,.T.);
#2308 = ORIENTED_EDGE('',*,*,#731,.T.);
#2309 = ORIENTED_EDGE('',*,*,#762,.T.);
#2310 = ORIENTED_EDGE('',*,*,#795,.T.);
#2311 = ORIENTED_EDGE('',*,*,#835,.F.);
#2312 = ORIENTED_EDGE('',*,*,#868,.F.);
#2313 = ORIENTED_EDGE('',*,*,#890,.T.);
#2314 = ORIENTED_EDGE('',*,*,#932,.F.);
#2315 = ORIENTED_EDGE('',*,*,#963,.F.);
#2316 = ORIENTED_EDGE('',*,*,#987,.T.);
#2317 = ORIENTED_EDGE('',*,*,#1027,.F.);
#2318 = ORIENTED_EDGE('',*,*,#1051,.T.);
#2319 = ORIENTED_EDGE('',*,*,#1091,.F.);
#2320 = ORIENTED_EDGE('',*,*,#1115,.T.);
#2321 = ORIENTED_EDGE('',*,*,#1146,.T.);
#2322 = ORIENTED_EDGE('',*,*,#1179,.T.);
#2323 = ORIENTED_EDGE('',*,*,#1219,.F.);
#2324 = ORIENTED_EDGE('',*,*,#1243,.T.);
#2325 = ORIENTED_EDGE('',*,*,#1283,.F.);
#2326 = ORIENTED_EDGE('',*,*,#1307,.T.);
#2327 = ORIENTED_EDGE('',*,*,#1338,.T.);
#2328 = ORIENTED_EDGE('',*,*,#1371,.T.);
#2329 = ORIENTED_EDGE('',*,*,#1411,.F.);
#2330 = ORIENTED_EDGE('',*,*,#1435,.T.);
#2331 = ORIENTED_EDGE('',*,*,#1475,.F.);
#2332 = ORIENTED_EDGE('',*,*,#1499,.T.);
#2333 = ORIENTED_EDGE('',*,*,#1539,.F.);
#2334 = ORIENTED_EDGE('',*,*,#1563,.T.);
#2335 = ORIENTED_EDGE('',*,*,#1594,.T.);
#2336 = ORIENTED_EDGE('',*,*,#1627,.T.);
#2337 = ORIENTED_EDGE('',*,*,#1658,.T.);
#2338 = ORIENTED_EDGE('',*,*,#1700,.F.);
#2339 = ORIENTED_EDGE('',*,*,#1731,.F.);
#2340 = ORIENTED_EDGE('',*,*,#1755,.T.);
#2341 = ORIENTED_EDGE('',*,*,#1786,.T.);
#2342 = ORIENTED_EDGE('',*,*,#1828,.F.);
#2343 = ORIENTED_EDGE('',*,*,#1850,.T.);
#2344 = ORIENTED_EDGE('',*,*,#1892,.F.);
#2345 = ORIENTED_EDGE('',*,*,#1923,.F.);
#2346 = ORIENTED_EDGE('',*,*,#1956,.F.);
#2347 = ORIENTED_EDGE('',*,*,#1978,.F.);
#2348 = FACE_BOUND('',#2349,.F.);
#2349 = EDGE_LOOP('',(#2350));
#2350 = ORIENTED_EDGE('',*,*,#2011,.T.);
#2351 = FACE_BOUND('',#2352,.F.);
#2352 = EDGE_LOOP('',(#2353));
#2353 = ORIENTED_EDGE('',*,*,#2044,.T.);
#2354 = FACE_BOUND('',#2355,.F.);
#2355 = EDGE_LOOP('',(#2356));
#2356 = ORIENTED_EDGE('',*,*,#2077,.T.);
#2357 = FACE_BOUND('',#2358,.F.);
#2358 = EDGE_LOOP('',(#2359));
#2359 = ORIENTED_EDGE('',*,*,#2110,.T.);
#2360 = FACE_BOUND('',#2361,.F.);
#2361 = EDGE_LOOP('',(#2362));
#2362 = ORIENTED_EDGE('',*,*,#2143,.T.);
#2363 = FACE_BOUND('',#2364,.F.);
#2364 = EDGE_LOOP('',(#2365));
#2365 = ORIENTED_EDGE('',*,*,#2176,.T.);
#2366 = PLANE('',#2367);
#2367 = AXIS2_PLACEMENT_3D('',#2368,#2369,#2370);
#2368 = CARTESIAN_POINT('',(0.731060805811,0.544053982943,1.6));
#2369 = DIRECTION('',(0.,0.,1.));
#2370 = DIRECTION('',(1.,0.,0.));
#2371 = ( GEOMETRIC_REPRESENTATION_CONTEXT(3) 
GLOBAL_UNCERTAINTY_ASSIGNED_CONTEXT((#2375)) 
GLOBAL_UNIT_ASSIGNED_CONTEXT((#2372,#2373,#2374)) REPRESENTATION_CONTEXT
('Context #1','3D Context with UNIT and UNCERTAINTY') );
#2372 = ( LENGTH_UNIT() NAMED_UNIT(*) SI_UNIT(.MILLI.,.METRE.) );
#2373 = ( NAMED_UNIT(*) PLANE_ANGLE_UNIT() SI_UNIT($,.RADIAN.) );
#2374 = ( NAMED_UNIT(*) SI_UNIT($,.STERADIAN.) SOLID_ANGLE_UNIT() );
#2375 = UNCERTAINTY_MEASURE_WITH_UNIT(LENGTH_MEASURE(1.E-07),#2372,
  'distance_accuracy_value','confusion accuracy');
#2376 = PRODUCT_RELATED_PRODUCT_CATEGORY('part',$,(#7));
#2377 = MECHANICAL_DESIGN_GEOMETRIC_PRESENTATION_REPRESENTATION('',(
    #2378),#2371);
#2378 = STYLED_ITEM('color',(#2379),#15);
#2379 = PRESENTATION_STYLE_ASSIGNMENT((#2380,#2386));
#2380 = SURFACE_STYLE_USAGE(.BOTH.,#2381);
#2381 = SURFACE_SIDE_STYLE('',(#2382));
#2382 = SURFACE_STYLE_FILL_AREA(#2383);
#2383 = FILL_AREA_STYLE('',(#2384));
#2384 = FILL_AREA_STYLE_COLOUR('',#2385);
#2385 = COLOUR_RGB('',0.447058818107,0.474509808674,0.501960817233);
#2386 = CURVE_STYLE('',#2387,POSITIVE_LENGTH_MEASURE(0.1),#2388);
#2387 = DRAUGHTING_PRE_DEFINED_CURVE_FONT('continuous');
#2388 = COLOUR_RGB('',9.803921802644E-02,9.803921802644E-02,
  9.803921802644E-02);
ENDSEC;
END-ISO-10303-21;
